,상장기간
0,37
1,38
2,39
3,40
4,41
5,42
6,43
7,44
8,45
9,46
10,47
11,48
12,5
13,6
14,7
15,8
16,9
17,10
18,11
19,12
20,13
21,14
22,15
23,16
24,16
25,17
26,18
27,19
28,20
29,21
30,22
31,23
32,24
33,25
34,26
35,27
36,27
37,28
38,29
39,30
40,31
41,32
42,33
43,34
44,35
45,36
46,37
47,38
48,23
49,24
50,25
51,26
52,27
53,28
54,29
55,30
56,31
57,32
58,33
59,34
60,4
61,5
62,6
63,7
64,8
65,9
66,10
67,11
68,12
69,13
70,14
71,15
72,10
73,11
74,12
75,13
76,14
77,15
78,16
79,17
80,18
81,19
82,20
83,21
84,22
85,23
86,24
87,25
88,26
89,27
90,28
91,29
92,30
93,31
94,32
95,33
96,28
97,29
98,30
99,31
100,32
101,33
102,34
103,35
104,36
105,37
106,38
107,39
108,9
109,10
110,11
111,12
112,13
113,14
114,15
115,16
116,17
117,18
118,19
119,20
120,23
121,24
122,25
123,26
124,27
125,28
126,29
127,30
128,31
129,32
130,33
131,34
132,35
133,36
134,37
135,38
136,39
137,40
138,41
139,42
140,43
141,44
142,45
143,46
144,19
145,20
146,21
147,22
148,23
149,24
150,25
151,26
152,27
153,28
154,29
155,30
156,1
157,2
158,3
159,4
160,5
161,6
162,15
163,16
164,17
165,18
166,19
167,20
168,21
169,22
170,23
171,24
172,25
173,26
174,56
175,57
176,58
177,59
178,60
179,61
180,62
181,63
182,64
183,65
184,66
185,67
186,0
187,0
188,0
189,0
190,1
191,2
192,3
193,4
194,5
195,6
196,7
197,8
198,17
199,18
200,19
201,20
202,21
203,22
204,23
205,24
206,25
207,26
208,27
209,28
210,22
211,23
212,24
213,25
214,26
215,27
216,28
217,29
218,30
219,31
220,32
221,33
222,10
223,11
224,12
225,13
226,14
227,15
228,16
229,17
230,18
231,19
232,20
233,21
234,16
235,17
236,18
237,19
238,20
239,21
240,22
241,23
242,24
243,25
244,26
245,27
246,23
247,24
248,25
249,26
250,27
251,28
252,29
253,30
254,31
255,32
256,33
257,34
258,36
259,37
260,38
261,39
262,40
263,41
264,42
265,43
266,44
267,45
268,46
269,47
270,0
271,0
272,0
273,0
274,1
275,2
276,3
277,4
278,5
279,6
280,7
281,8
282,23
283,24
284,25
285,26
286,27
287,28
288,29
289,30
290,31
291,32
292,33
293,34
294,8
295,9
296,10
297,11
298,12
299,13
300,14
301,15
302,16
303,17
304,18
305,19
306,34
307,35
308,36
309,37
310,38
311,39
312,40
313,41
314,42
315,43
316,44
317,45
318,23
319,24
320,25
321,26
322,27
323,28
324,29
325,30
326,31
327,32
328,33
329,34
330,25
331,26
332,27
333,28
334,29
335,30
336,31
337,32
338,33
339,34
340,35
341,36
342,1
343,2
344,3
345,4
346,5
347,6
348,6
349,7
350,8
351,9
352,10
353,11
354,12
355,13
356,14
357,15
358,16
359,17
360,39
361,40
362,41
363,42
364,43
365,44
366,45
367,46
368,47
369,48
370,49
371,50
372,23
373,24
374,25
375,26
376,27
377,28
378,29
379,30
380,31
381,32
382,33
383,34
384,36
385,37
386,38
387,39
388,40
389,41
390,42
391,43
392,44
393,45
394,46
395,47
396,36
397,37
398,38
399,39
400,40
401,41
402,42
403,43
404,44
405,45
406,46
407,47
408,9
409,10
410,11
411,12
412,13
413,14
414,15
415,16
416,17
417,18
418,19
419,20
420,15
421,16
422,17
423,18
424,19
425,20
426,21
427,22
428,23
429,24
430,25
431,26
432,0
433,0
434,0
435,0
436,1
437,2
438,3
439,4
440,5
441,6
442,7
443,8
444,24
445,25
446,8
447,9
448,10
449,11
450,12
451,13
452,14
453,15
454,16
455,17
456,18
457,19
458,24
459,25
460,26
461,27
462,28
463,29
464,30
465,31
466,32
467,33
468,34
469,35
470,23
471,24
472,25
473,26
474,27
475,28
476,29
477,30
478,31
479,32
480,33
481,34
482,37
483,38
484,39
485,40
486,41
487,42
488,43
489,44
490,45
491,46
492,47
493,48
494,36
495,37
496,38
497,39
498,40
499,41
500,18
501,19
502,20
503,21
504,22
505,23
506,24
507,25
508,26
509,27
510,28
511,29
512,11
513,12
514,13
515,14
516,15
517,16
518,17
519,18
520,19
521,20
522,21
523,22
524,39
525,40
526,41
527,42
528,43
529,44
530,45
531,46
532,47
533,48
534,49
535,50
536,10
537,11
538,12
539,13
540,14
541,15
542,16
543,17
544,18
545,19
546,20
547,21
548,35
549,36
550,37
551,38
552,39
553,40
554,41
555,42
556,43
557,44
558,45
559,46
560,37
561,38
562,39
563,40
564,41
565,42
566,43
567,44
568,45
569,46
570,47
571,48
572,23
573,24
574,25
575,26
576,27
577,28
578,29
579,30
580,31
581,32
582,33
583,34
584,46
585,47
586,48
587,49
588,50
589,51
590,52
591,53
592,54
593,55
594,56
595,57
596,22
597,23
598,24
599,25
600,26
601,27
602,28
603,29
604,30
605,31
606,32
607,33
608,10
609,11
610,12
611,13
612,14
613,15
614,16
615,17
616,18
617,19
618,20
619,21
620,0
621,0
622,0
623,0
624,0
625,1
626,2
627,3
628,4
629,24
630,25
631,26
632,27
633,28
634,29
635,30
636,31
637,32
638,33
639,34
640,35
641,25
642,26
643,27
644,28
645,29
646,30
647,31
648,32
649,33
650,34
651,35
652,36
653,0
654,0
655,0
656,0
657,0
658,0
659,1
660,2
661,3
662,4
663,5
664,6
665,2
666,3
667,4
668,5
669,6
670,7
671,8
672,9
673,10
674,11
675,12
676,13
677,16
678,17
679,18
680,19
681,20
682,21
683,22
684,23
685,24
686,25
687,26
688,27
689,24
690,25
691,26
692,27
693,28
694,29
695,30
696,31
697,32
698,33
699,34
700,35
701,35
702,36
703,37
704,38
705,39
706,40
707,41
708,42
709,43
710,44
711,45
712,46
713,0
714,0
715,0
716,0
717,0
718,1
719,2
720,3
721,4
722,5
723,6
724,7
725,4
726,5
727,6
728,7
729,8
730,9
731,10
732,11
733,12
734,13
735,14
736,15
737,24
738,25
739,26
740,27
741,28
742,29
743,30
744,31
745,32
746,33
747,3
748,4
749,5
750,6
751,7
752,8
753,9
754,10
755,11
756,12
757,13
758,14
759,36
760,37
761,38
762,39
763,40
764,41
765,42
766,43
767,44
768,45
769,46
770,47
771,38
772,39
773,40
774,7
775,8
776,9
777,10
778,11
779,12
780,13
781,14
782,15
783,16
784,17
785,18
786,12
787,13
788,14
789,15
790,16
791,17
792,18
793,19
794,20
795,21
796,22
797,23
798,39
799,40
800,41
801,42
802,43
803,44
804,45
805,46
806,47
807,48
808,49
809,50
810,0
811,0
812,0
813,0
814,0
815,1
816,2
817,3
818,4
819,5
820,6
821,7
822,0
823,0
824,0
825,0
826,0
827,0
828,0
829,0
830,1
831,2
832,3
833,4
834,19
835,20
836,21
837,22
838,23
839,24
840,25
841,26
842,27
843,28
844,29
845,30
846,16
847,17
848,18
849,19
850,20
851,21
852,22
853,23
854,24
855,25
856,26
857,27
858,5
859,6
860,7
861,8
862,9
863,10
864,11
865,12
866,13
867,14
868,15
869,16
870,36
871,37
872,38
873,39
874,40
875,41
876,42
877,43
878,44
879,45
880,46
881,47
882,24
883,25
884,26
885,27
886,28
887,29
888,30
889,31
890,32
891,33
892,34
893,35
894,2
895,3
896,4
897,5
898,6
899,7
900,8
901,9
902,10
903,11
904,12
905,13
906,24
907,25
908,26
909,37
910,10
911,11
912,12
913,13
914,14
915,15
916,16
917,17
918,18
919,19
920,20
921,21
922,6
923,7
924,8
925,9
926,10
927,11
928,12
929,13
930,14
931,15
932,16
933,17
934,24
935,25
936,26
937,27
938,28
939,29
940,30
941,31
942,32
943,33
944,34
945,35
946,36
947,37
948,38
949,39
950,40
951,41
952,42
953,43
954,44
955,45
956,46
957,47
958,18
959,19
960,20
961,21
962,22
963,23
964,24
965,25
966,26
967,27
968,28
969,29
970,2
971,3
972,4
973,5
974,6
975,7
976,8
977,9
978,10
979,11
980,12
981,13
982,13
983,14
984,15
985,16
986,17
987,18
988,19
989,20
990,21
991,22
992,23
993,24
994,0
995,0
996,0
997,0
998,0
999,0
1000,0
1001,0
1002,1
1003,22
1004,13
1005,14
1006,15
1007,16
1008,17
1009,18
1010,19
1011,20
1012,21
1013,22
1014,23
1015,24
1016,40
1017,41
1018,42
1019,43
1020,44
1021,45
1022,46
1023,47
1024,48
1025,49
1026,50
1027,51
1028,23
1029,24
1030,25
1031,26
1032,27
1033,28
1034,29
1035,30
1036,31
1037,32
1038,33
1039,34
1040,24
1041,25
1042,26
1043,27
1044,28
1045,29
1046,30
1047,31
1048,32
1049,33
1050,34
1051,35
1052,24
1053,25
1054,26
1055,27
1056,28
1057,29
1058,15
1059,16
1060,17
1061,18
1062,19
1063,20
1064,21
1065,22
1066,23
1067,24
1068,36
1069,37
1070,38
1071,39
1072,40
1073,41
1074,42
1075,43
1076,44
1077,45
1078,46
1079,47
1080,4
1081,5
1082,6
1083,7
1084,8
1085,9
1086,10
1087,11
1088,12
1089,13
1090,14
1091,15
1092,37
1093,38
1094,39
1095,40
1096,41
1097,42
1098,43
1099,44
1100,45
1101,46
1102,47
1103,48
1104,0
1105,0
1106,0
1107,1
1108,2
1109,3
1110,4
1111,5
1112,6
1113,7
1114,8
1115,9
1116,1
1117,2
1118,3
1119,4
1120,5
1121,6
1122,34
1123,35
1124,36
1125,37
1126,38
1127,39
1128,40
1129,41
1130,42
1131,43
1132,44
1133,45
1134,36
1135,37
1136,38
1137,39
1138,40
1139,41
1140,42
1141,43
1142,44
1143,45
1144,46
1145,47
1146,26
1147,27
1148,28
1149,29
1150,30
1151,31
1152,32
1153,33
1154,34
1155,35
1156,36
1157,37
1158,8
1159,9
1160,10
1161,11
1162,12
1163,13
1164,14
1165,15
1166,10
1167,11
1168,12
1169,13
1170,14
1171,15
1172,16
1173,17
1174,18
1175,19
1176,20
1177,21
1178,1
1179,2
1180,3
1181,4
1182,5
1183,6
1184,7
1185,8
1186,9
1187,10
1188,11
1189,12
1190,36
1191,37
1192,38
1193,25
1194,26
1195,27
1196,28
1197,0
1198,0
1199,0
1200,1
1201,2
1202,3
1203,4
1204,5
1205,6
1206,44
1207,45
1208,46
1209,47
1210,48
1211,49
1212,50
1213,51
1214,52
1215,53
1216,54
1217,55
1218,1
1219,2
1220,3
1221,4
1222,5
1223,6
1224,7
1225,8
1226,9
1227,10
1228,11
1229,12
1230,24
1231,25
1232,26
1233,27
1234,28
1235,29
1236,30
1237,31
1238,32
1239,33
1240,34
1241,35
1242,0
1243,0
1244,0
1245,0
1246,0
1247,1
1248,2
1249,3
1250,4
1251,5
1252,6
1253,7
1254,36
1255,37
1256,38
1257,39
1258,40
1259,41
1260,42
1261,43
1262,44
1263,45
1264,46
1265,47
1266,23
1267,24
1268,25
1269,26
1270,27
1271,28
1272,29
1273,30
1274,31
1275,32
1276,33
1277,34
1278,1
1279,2
1280,3
1281,4
1282,5
1283,6
1284,7
1285,8
1286,9
1287,16
1288,17
1289,18
1290,19
1291,20
1292,21
1293,22
1294,23
1295,24
1296,25
1297,26
1298,27
1299,22
1300,23
1301,24
1302,25
1303,26
1304,27
1305,28
1306,29
1307,30
1308,31
1309,32
1310,33
1311,36
1312,37
1313,38
1314,39
1315,40
1316,41
1317,42
1318,43
1319,44
1320,45
1321,46
1322,47
1323,1
1324,2
1325,3
1326,4
1327,5
1328,6
1329,7
1330,8
1331,9
1332,10
1333,11
1334,12
1335,18
1336,17
1337,18
1338,19
1339,20
1340,21
1341,22
1342,23
1343,24
1344,25
1345,26
1346,27
1347,28
1348,21
1349,22
1350,23
1351,24
1352,25
1353,26
1354,27
1355,28
1356,29
1357,30
1358,31
1359,32
1360,1
1361,2
1362,3
1363,4
1364,5
1365,43
1366,44
1367,45
1368,46
1369,47
1370,48
1371,49
1372,50
1373,51
1374,52
1375,53
1376,54
1377,1
1378,2
1379,3
1380,4
1381,5
1382,6
1383,7
1384,8
1385,9
1386,10
1387,11
1388,12
1389,11
1390,12
1391,13
1392,14
1393,15
1394,16
1395,17
1396,18
1397,19
1398,20
1399,21
1400,22
1401,23
1402,24
1403,25
1404,26
1405,27
1406,28
1407,29
1408,30
1409,31
1410,32
1411,33
1412,34
1413,10
1414,11
1415,12
1416,13
1417,14
1418,15
1419,16
1420,17
1421,18
1422,19
1423,20
1424,21
1425,0
1426,0
1427,0
1428,0
1429,1
1430,2
1431,3
1432,4
1433,5
1434,6
1435,7
1436,8
1437,0
1438,0
1439,0
1440,0
1441,0
1442,0
1443,0
1444,0
1445,1
1446,2
1447,3
1448,4
1449,22
1450,23
1451,24
1452,25
1453,26
1454,27
1455,28
1456,29
1457,30
1458,31
1459,32
1460,33
1461,0
1462,0
1463,0
1464,0
1465,0
1466,0
1467,0
1468,1
1469,2
1470,3
1471,4
1472,5
1473,0
1474,0
1475,0
1476,0
1477,0
1478,1
1479,2
1480,0
1481,0
1482,0
1483,0
1484,0
1485,0
1486,0
1487,0
1488,0
1489,0
1490,0
1491,1
1492,21
1493,22
1494,23
1495,24
1496,25
1497,26
1498,27
1499,28
1500,29
1501,30
1502,31
1503,32
1504,1
1505,2
1506,3
1507,4
1508,5
1509,6
1510,7
1511,8
1512,9
1513,10
1514,11
1515,12
1516,16
1517,17
1518,18
1519,19
1520,20
1521,21
1522,22
1523,23
1524,24
1525,25
1526,26
1527,27
1528,4
1529,5
1530,6
1531,7
1532,8
1533,16
1534,4
1535,17
1536,5
1537,6
1538,18
1539,19
1540,7
1541,8
1542,20
1543,21
1544,22
1545,23
1546,24
1547,25
1548,26
1549,27
1550,27
1551,28
1552,29
1553,30
1554,31
1555,32
1556,33
1557,34
1558,35
1559,36
1560,37
1561,38
1562,6
1563,7
1564,8
1565,9
1566,10
1567,11
1568,12
1569,13
1570,14
1571,15
1572,16
1573,17
1574,1
1575,2
1576,3
1577,4
1578,5
1579,6
1580,7
1581,8
1582,9
1583,10
1584,11
1585,12
1586,2
1587,3
1588,4
1589,5
1590,6
1591,7
1592,8
1593,9
1594,10
1595,11
1596,12
1597,13
1598,36
1599,37
1600,38
1601,39
1602,40
1603,41
1604,42
1605,43
1606,44
1607,45
1608,46
1609,47
1610,24
1611,25
1612,26
1613,27
1614,28
1615,29
1616,30
1617,31
1618,32
1619,33
1620,34
1621,35
1622,23
1623,24
1624,25
1625,26
1626,34
1627,35
1628,36
1629,37
1630,38
1631,39
1632,40
1633,41
1634,42
1635,24
1636,25
1637,26
1638,27
1639,28
1640,29
1641,30
1642,31
1643,32
1644,33
1645,34
1646,35
1647,21
1648,22
1649,23
1650,24
1651,25
1652,26
1653,27
1654,28
1655,29
1656,30
1657,31
1658,32
1659,4
1660,5
1661,6
1662,7
1663,8
1664,9
1665,10
1666,11
1667,12
1668,13
1669,14
1670,15
1671,23
1672,24
1673,25
1674,26
1675,27
1676,28
1677,29
1678,30
1679,31
1680,32
1681,33
1682,34
1683,0
1684,0
1685,0
1686,0
1687,0
1688,0
1689,0
1690,0
1691,0
1692,1
1693,23
1694,24
1695,25
1696,26
1697,27
1698,28
1699,29
1700,30
1701,31
1702,32
1703,33
1704,34
1705,6
1706,7
1707,8
1708,9
1709,10
1710,11
1711,12
1712,13
1713,14
1714,15
1715,16
1716,17
1717,39
1718,40
1719,41
1720,42
1721,43
1722,44
1723,45
1724,46
1725,47
1726,48
1727,49
1728,50
1729,23
1730,24
1731,25
1732,26
1733,27
1734,28
1735,29
1736,30
1737,31
1738,32
1739,33
1740,34
1741,2
1742,3
1743,4
1744,5
1745,6
1746,7
1747,8
1748,9
1749,10
1750,11
1751,12
1752,13
1753,39
1754,40
1755,41
1756,42
1757,43
1758,44
1759,45
1760,46
1761,47
1762,48
1763,49
1764,50
1765,5
1766,6
1767,7
1768,8
1769,9
1770,10
1771,11
1772,12
1773,13
1774,14
1775,15
1776,16
1777,36
1778,37
1779,17
1780,18
1781,19
1782,20
1783,21
1784,22
1785,23
1786,24
1787,25
1788,26
1789,27
1790,28
1791,9
1792,10
1793,11
1794,12
1795,13
1796,14
1797,15
1798,16
1799,17
1800,18
1801,19
1802,20
1803,18
1804,19
1805,20
1806,21
1807,22
1808,23
1809,24
1810,25
1811,26
1812,27
1813,28
1814,29
1815,25
1816,26
1817,16
1818,17
1819,18
1820,19
1821,20
1822,21
1823,22
1824,23
1825,24
1826,25
1827,26
1828,27
1829,2
1830,3
1831,4
1832,5
1833,6
1834,7
1835,8
1836,9
1837,10
1838,11
1839,12
1840,13
1841,15
1842,16
1843,17
1844,18
1845,19
1846,20
1847,21
1848,22
1849,23
1850,24
1851,25
1852,26
1853,36
1854,37
1855,38
1856,39
1857,40
1858,41
1859,42
1860,43
1861,44
1862,45
1863,46
1864,47
1865,36
1866,37
1867,38
1868,39
1869,40
1870,41
1871,42
1872,43
1873,44
1874,45
1875,46
1876,47
1877,38
1878,39
1879,40
1880,41
1881,42
1882,43
1883,44
1884,45
1885,46
1886,47
1887,48
1888,49
1889,1
1890,2
1891,3
1892,4
1893,5
1894,6
1895,7
1896,8
1897,9
1898,10
1899,11
1900,12
1901,24
1902,25
1903,26
1904,27
1905,28
1906,29
1907,30
1908,31
1909,32
1910,33
1911,34
1912,35
1913,17
1914,18
1915,19
1916,20
1917,21
1918,22
1919,23
1920,24
1921,25
1922,26
1923,27
1924,28
1925,28
1926,29
1927,30
1928,31
1929,32
1930,33
1931,34
1932,35
1933,36
1934,37
1935,38
1936,39
1937,0
1938,0
1939,0
1940,0
1941,0
1942,0
1943,0
1944,0
1945,0
1946,1
1947,2
1948,3
1949,1
1950,2
1951,28
1952,29
1953,30
1954,31
1955,32
1956,33
1957,34
1958,35
1959,36
1960,37
1961,38
1962,39
1963,9
1964,10
1965,11
1966,12
1967,13
1968,14
1969,15
1970,16
1971,17
1972,18
1973,19
1974,20
1975,37
1976,38
1977,39
1978,40
1979,41
1980,42
1981,43
1982,44
1983,45
1984,46
1985,47
1986,48
1987,0
1988,0
1989,0
1990,0
1991,1
1992,2
1993,3
1994,4
1995,5
1996,6
1997,7
1998,4
1999,5
2000,6
2001,7
2002,8
2003,9
2004,10
2005,11
2006,12
2007,13
2008,14
2009,15
2010,35
2011,36
2012,37
2013,38
2014,39
2015,40
2016,41
2017,42
2018,43
2019,44
2020,45
2021,46
2022,39
2023,40
2024,41
2025,42
2026,43
2027,44
2028,45
2029,46
2030,47
2031,48
2032,49
2033,50
2034,6
2035,7
2036,8
2037,9
2038,10
2039,11
2040,12
2041,13
2042,14
2043,15
2044,16
2045,17
2046,0
2047,0
2048,0
2049,0
2050,0
2051,0
2052,0
2053,0
2054,0
2055,0
2056,0
2057,1
2058,36
2059,37
2060,38
2061,39
2062,40
2063,41
2064,42
2065,43
2066,44
2067,45
2068,46
2069,47
2070,3
2071,4
2072,5
2073,6
2074,7
2075,8
2076,9
2077,10
2078,11
2079,12
2080,13
2081,14
2082,1
2083,2
2084,42
2085,43
2086,44
2087,45
2088,46
2089,47
2090,48
2091,49
2092,50
2093,51
2094,52
2095,53
2096,10
2097,11
2098,12
2099,13
2100,14
2101,11
2102,12
2103,13
2104,14
2105,15
2106,16
2107,17
2108,18
2109,19
2110,20
2111,21
2112,22
2113,0
2114,0
2115,1
2116,4
2117,5
2118,6
2119,7
2120,8
2121,9
2122,10
2123,11
2124,12
2125,13
2126,14
2127,15
2128,0
2129,1
2130,2
2131,3
2132,4
2133,5
2134,6
2135,7
2136,8
2137,9
2138,10
2139,11
2140,11
2141,12
2142,13
2143,14
2144,15
2145,16
2146,17
2147,18
2148,19
2149,20
2150,21
2151,22
2152,0
2153,0
2154,0
2155,0
2156,0
2157,0
2158,0
2159,0
2160,0
2161,0
2162,1
2163,2
2164,3
2165,4
2166,5
2167,6
2168,7
2169,8
2170,9
2171,10
2172,11
2173,12
2174,13
2175,14
2176,24
2177,25
2178,26
2179,27
2180,28
2181,29
2182,30
2183,31
2184,32
2185,33
2186,34
2187,35
2188,36
2189,37
2190,38
2191,39
2192,40
2193,41
2194,42
2195,43
2196,44
2197,45
2198,46
2199,47
2200,2
2201,3
2202,4
2203,5
2204,6
2205,7
2206,8
2207,9
2208,10
2209,11
2210,12
2211,13
2212,16
2213,17
2214,18
2215,19
2216,20
2217,21
2218,22
2219,23
2220,24
2221,25
2222,26
2223,27
2224,18
2225,19
2226,20
2227,21
2228,22
2229,23
2230,24
2231,25
2232,26
2233,27
2234,28
2235,29
2236,1
2237,2
2238,3
2239,4
2240,5
2241,6
2242,37
2243,38
2244,39
2245,40
2246,41
2247,42
2248,43
2249,44
2250,45
2251,46
2252,47
2253,48
2254,9
2255,10
2256,11
2257,12
2258,13
2259,14
2260,15
2261,16
2262,17
2263,18
2264,19
2265,20
2266,17
2267,18
2268,19
2269,20
2270,21
2271,22
2272,23
2273,24
2274,25
2275,26
2276,27
2277,28
2278,0
2279,0
2280,0
2281,0
2282,0
2283,1
2284,2
2285,3
2286,4
2287,5
2288,6
2289,7
2290,24
2291,25
2292,26
2293,27
2294,28
2295,29
2296,30
2297,31
2298,32
2299,33
2300,34
2301,35
2302,10
2303,11
2304,12
2305,13
2306,14
2307,15
2308,16
2309,17
2310,18
2311,19
2312,20
2313,21
2314,2
2315,3
2316,4
2317,5
2318,6
2319,7
2320,8
2321,9
2322,10
2323,11
2324,12
2325,13
2326,0
2327,0
2328,0
2329,0
2330,0
2331,0
2332,0
2333,1
2334,2
2335,3
2336,4
2337,5
2338,6
2339,7
2340,8
2341,9
2342,10
2343,11
2344,12
2345,13
2346,14
2347,15
2348,16
2349,17
2350,18
2351,19
2352,20
2353,21
2354,22
2355,23
2356,24
2357,25
2358,26
2359,27
2360,28
2361,29
2362,5
2363,6
2364,7
2365,8
2366,9
2367,10
2368,11
2369,12
2370,13
2371,14
2372,15
2373,16
2374,22
2375,23
2376,24
2377,25
2378,26
2379,27
2380,28
2381,29
2382,30
2383,31
2384,32
2385,33
2386,16
2387,17
2388,18
2389,19
2390,20
2391,21
2392,22
2393,23
2394,24
2395,25
2396,26
2397,27
2398,23
2399,24
2400,25
2401,26
2402,27
2403,28
2404,29
2405,30
2406,31
2407,32
2408,33
2409,34
2410,8
2411,9
2412,10
2413,11
2414,12
2415,13
2416,14
2417,15
2418,16
2419,17
2420,18
2421,19
2422,1
2423,16
2424,17
2425,18
2426,19
2427,20
2428,21
2429,22
2430,23
2431,24
2432,25
2433,26
2434,27
2435,23
2436,24
2437,25
2438,27
2439,28
2440,29
2441,30
2442,31
2443,32
2444,33
2445,34
2446,56
2447,57
2448,58
2449,59
2450,60
2451,61
2452,62
2453,63
2454,64
2455,65
2456,66
2457,67
2458,37
2459,38
2460,39
2461,40
2462,41
2463,42
2464,43
2465,44
2466,45
2467,46
2468,47
2469,48
2470,50
2471,51
2472,52
2473,53
2474,54
2475,55
2476,56
2477,57
2478,58
2479,59
2480,60
2481,61
2482,0
2483,0
2484,0
2485,0
2486,1
2487,2
2488,3
2489,4
2490,5
2491,6
2492,7
2493,8
2494,1
2495,2
2496,3
2497,4
2498,5
2499,6
2500,7
2501,8
2502,9
2503,10
2504,11
2505,12
2506,9
2507,10
2508,11
2509,12
2510,13
2511,14
2512,15
2513,16
2514,17
2515,18
2516,19
2517,20
2518,24
2519,25
2520,26
2521,27
2522,28
2523,29
2524,30
2525,31
2526,32
2527,33
2528,34
2529,35
2530,24
2531,25
2532,26
2533,27
2534,28
2535,29
2536,30
2537,31
2538,32
2539,33
2540,34
2541,35
2542,5
2543,6
2544,7
2545,8
2546,9
2547,10
2548,11
2549,12
2550,13
2551,14
2552,15
2553,16
2554,9
2555,10
2556,11
2557,12
2558,13
2559,14
2560,15
2561,16
2562,17
2563,18
2564,19
2565,20
2566,15
2567,16
2568,17
2569,18
2570,19
2571,20
2572,21
2573,22
2574,23
2575,24
2576,25
2577,26
2578,7
2579,8
2580,9
2581,10
2582,11
2583,12
2584,13
2585,14
2586,15
2587,16
2588,17
2589,18
2590,23
2591,24
2592,25
2593,26
2594,27
2595,28
2596,29
2597,30
2598,31
2599,32
2600,33
2601,34
2602,4
2603,5
2604,6
2605,7
2606,8
2607,9
2608,10
2609,11
2610,12
2611,13
2612,14
2613,15
2614,27
2615,28
2616,29
2617,30
2618,31
2619,32
2620,33
2621,34
2622,35
2623,36
2624,37
2625,38
2626,8
2627,9
2628,10
2629,11
2630,12
2631,13
2632,14
2633,15
2634,16
2635,17
2636,18
2637,19
2638,26
2639,27
2640,28
2641,29
2642,30
2643,31
2644,32
2645,33
2646,34
2647,35
2648,36
2649,37
2650,0
2651,0
2652,0
2653,0
2654,1
2655,2
2656,3
2657,4
2658,5
2659,6
2660,7
2661,8
2662,0
2663,0
2664,0
2665,0
2666,0
2667,1
2668,2
2669,3
2670,4
2671,5
2672,6
2673,7
2674,14
2675,15
2676,16
2677,17
2678,18
2679,19
2680,20
2681,21
2682,22
2683,23
2684,24
2685,25
2686,0
2687,0
2688,0
2689,0
2690,1
2691,2
2692,3
2693,4
2694,5
2695,6
2696,7
2697,8
2698,36
2699,37
2700,38
2701,39
2702,40
2703,41
2704,42
2705,43
2706,44
2707,45
2708,46
2709,47
2710,36
2711,37
2712,38
2713,39
2714,40
2715,41
2716,42
2717,43
2718,44
2719,45
2720,46
2721,47
2722,1
2723,2
2724,3
2725,4
2726,5
2727,6
2728,7
2729,8
2730,9
2731,10
2732,11
2733,12
2734,13
2735,14
2736,15
2737,16
2738,17
2739,18
2740,19
2741,20
2742,21
2743,22
2744,36
2745,37
2746,38
2747,39
2748,40
2749,41
2750,42
2751,43
2752,44
2753,45
2754,46
2755,47
2756,6
2757,7
2758,8
2759,9
2760,10
2761,11
2762,12
2763,13
2764,14
2765,15
2766,16
2767,17
2768,18
2769,0
2770,0
2771,0
2772,0
2773,0
2774,0
2775,0
2776,0
2777,1
2778,2
2779,3
2780,4
2781,8
2782,9
2783,10
2784,11
2785,12
2786,13
2787,14
2788,15
2789,16
2790,17
2791,18
2792,19
2793,36
2794,37
2795,38
2796,39
2797,40
2798,41
2799,42
2800,43
2801,44
2802,45
2803,46
2804,47
2805,1
2806,2
2807,3
2808,4
2809,5
2810,6
2811,7
2812,8
2813,9
2814,10
2815,11
2816,12
2817,13
2818,14
2819,15
2820,16
2821,17
2822,18
2823,19
2824,20
2825,21
2826,22
2827,23
2828,24
2829,6
2830,7
2831,8
2832,9
2833,10
2834,11
2835,12
2836,13
2837,14
2838,15
2839,16
2840,17
2841,4
2842,5
2843,6
2844,7
2845,8
2846,9
2847,10
2848,11
2849,12
2850,13
2851,14
2852,15
2853,0
2854,0
2855,0
2856,0
2857,0
2858,0
2859,1
2860,2
2861,3
2862,4
2863,5
2864,6
2865,35
2866,36
2867,37
2868,38
2869,39
2870,40
2871,41
2872,42
2873,43
2874,44
2875,45
2876,46
2877,3
2878,4
2879,5
2880,6
2881,7
2882,8
2883,9
2884,10
2885,11
2886,12
2887,13
2888,14
2889,0
2890,0
2891,0
2892,0
2893,0
2894,0
2895,1
2896,2
2897,3
2898,4
2899,5
2900,6
2901,0
2902,0
2903,0
2904,1
2905,2
2906,38
2907,39
2908,40
2909,41
2910,42
2911,43
2912,44
2913,45
2914,46
2915,47
2916,48
2917,49
2918,15
2919,16
2920,17
2921,18
2922,19
2923,20
2924,21
2925,22
2926,23
2927,24
2928,25
2929,26
2930,39
2931,40
2932,41
2933,42
2934,43
2935,44
2936,45
2937,46
2938,47
2939,48
2940,49
2941,50
2942,1
2943,2
2944,3
2945,1
2946,2
2947,3
2948,4
2949,5
2950,6
2951,34
2952,35
2953,36
2954,37
2955,38
2956,39
2957,40
2958,41
2959,42
2960,43
2961,44
2962,45
2963,5
2964,6
2965,7
2966,8
2967,9
2968,10
2969,11
2970,12
2971,13
2972,14
2973,15
2974,16
2975,11
2976,12
2977,13
2978,14
2979,15
2980,16
2981,17
2982,18
2983,19
2984,20
2985,21
2986,22
2987,6
2988,7
2989,8
2990,9
2991,10
2992,11
2993,12
2994,13
2995,14
2996,15
2997,16
2998,17
2999,14
3000,15
3001,16
3002,17
3003,18
3004,19
3005,20
3006,21
3007,22
3008,23
3009,24
3010,25
3011,1
3012,2
3013,3
3014,4
3015,5
3016,6
3017,7
3018,8
3019,9
3020,10
3021,11
3022,12
3023,2
3024,3
3025,4
3026,5
3027,6
3028,7
3029,8
3030,9
3031,10
3032,11
3033,12
3034,13
3035,2
3036,3
3037,4
3038,5
3039,6
3040,7
3041,8
3042,9
3043,10
3044,11
3045,12
3046,13
3047,13
3048,14
3049,15
3050,16
3051,17
3052,18
3053,19
3054,20
3055,21
3056,22
3057,23
3058,24
3059,10
3060,27
3061,28
3062,29
3063,30
3064,31
3065,32
3066,33
3067,34
3068,35
3069,36
3070,37
3071,38
3072,7
3073,8
3074,9
3075,10
3076,11
3077,12
3078,13
3079,14
3080,15
3081,16
3082,17
3083,18
3084,37
3085,38
3086,39
3087,40
3088,41
3089,42
3090,43
3091,44
3092,45
3093,46
3094,47
3095,48
3096,0
3097,0
3098,0
3099,0
3100,0
3101,0
3102,0
3103,0
3104,1
3105,2
3106,3
3107,4
3108,15
3109,16
3110,17
3111,18
3112,19
3113,20
3114,21
3115,22
3116,23
3117,24
3118,25
3119,26
3120,23
3121,24
3122,25
3123,26
3124,27
3125,28
3126,29
3127,30
3128,31
3129,32
3130,33
3131,34
3132,1
3133,2
3134,3
3135,4
3136,5
3137,6
3138,36
3139,37
3140,38
3141,39
3142,40
3143,41
3144,42
3145,43
3146,44
3147,45
3148,46
3149,47
3150,0
3151,0
3152,0
3153,0
3154,0
3155,0
3156,0
3157,0
3158,0
3159,0
3160,1
3161,2
3162,16
3163,17
3164,18
3165,19
3166,20
3167,21
3168,22
3169,23
3170,24
3171,25
3172,26
3173,27
3174,21
3175,22
3176,23
3177,24
3178,25
3179,26
3180,27
3181,28
3182,29
3183,30
3184,31
3185,32
3186,23
3187,24
3188,25
3189,26
3190,27
3191,28
3192,29
3193,30
3194,31
3195,32
3196,33
3197,34
3198,24
3199,0
3200,0
3201,0
3202,0
3203,0
3204,0
3205,1
3206,2
3207,3
3208,4
3209,5
3210,6
3211,0
3212,0
3213,0
3214,0
3215,1
3216,2
3217,3
3218,4
3219,5
3220,6
3221,7
3222,8
3223,7
3224,8
3225,9
3226,10
3227,11
3228,12
3229,13
3230,14
3231,15
3232,16
3233,17
3234,18
3235,16
3236,17
3237,18
3238,19
3239,20
3240,21
3241,22
3242,23
3243,24
3244,25
3245,26
3246,27
3247,1
3248,2
3249,3
3250,0
3251,0
3252,0
3253,0
3254,0
3255,0
3256,0
3257,1
3258,2
3259,3
3260,4
3261,5
3262,35
3263,36
3264,37
3265,38
3266,39
3267,40
3268,41
3269,42
3270,43
3271,44
3272,45
3273,46
3274,28
3275,29
3276,30
3277,31
3278,32
3279,4
3280,5
3281,6
3282,13
3283,14
3284,15
3285,16
3286,17
3287,18
3288,19
3289,20
3290,21
3291,22
3292,23
3293,24
3294,16
3295,17
3296,18
3297,19
3298,20
3299,21
3300,22
3301,23
3302,24
3303,25
3304,26
3305,27
3306,11
3307,12
3308,13
3309,14
3310,15
3311,16
3312,17
3313,18
3314,19
3315,20
3316,21
3317,22
3318,0
3319,0
3320,0
3321,0
3322,0
3323,0
3324,0
3325,0
3326,1
3327,2
3328,3
3329,4
3330,5
3331,6
3332,7
3333,8
3334,9
3335,24
3336,25
3337,26
3338,27
3339,28
3340,29
3341,30
3342,31
3343,32
3344,33
3345,17
3346,18
3347,19
3348,20
3349,21
3350,22
3351,23
3352,24
3353,25
3354,26
3355,27
3356,28
3357,4
3358,5
3359,6
3360,7
3361,8
3362,9
3363,10
3364,11
3365,12
3366,13
3367,14
3368,15
3369,24
3370,25
3371,26
3372,27
3373,28
3374,29
3375,30
3376,31
3377,32
3378,33
3379,34
3380,35
3381,24
3382,25
3383,26
3384,27
3385,28
3386,29
3387,30
3388,31
3389,32
3390,33
3391,34
3392,35
3393,1
3394,2
3395,3
3396,4
3397,5
3398,6
3399,7
3400,8
3401,9
3402,10
3403,11
3404,12
3405,0
3406,0
3407,0
3408,0
3409,1
3410,2
3411,3
3412,9
3413,10
3414,11
3415,12
3416,13
3417,14
3418,15
3419,16
3420,17
3421,18
3422,19
3423,20
3424,14
3425,15
3426,16
3427,17
3428,18
3429,19
3430,20
3431,21
3432,22
3433,23
3434,24
3435,25
3436,33
3437,34
3438,35
3439,36
3440,37
3441,38
3442,39
3443,40
3444,41
3445,42
3446,43
3447,44
3448,1
3449,2
3450,3
3451,4
3452,5
3453,6
3454,7
3455,8
3456,9
3457,10
3458,11
3459,12
3460,17
3461,18
3462,19
3463,20
3464,21
3465,22
3466,23
3467,24
3468,25
3469,26
3470,27
3471,28
3472,23
3473,24
3474,25
3475,26
3476,27
3477,28
3478,29
3479,30
3480,31
3481,32
3482,33
3483,34
3484,34
3485,35
3486,36
3487,37
3488,38
3489,39
3490,40
3491,41
3492,42
3493,43
3494,44
3495,45
3496,9
3497,10
3498,11
3499,12
3500,13
3501,14
3502,15
3503,16
3504,17
3505,18
3506,19
3507,20
3508,36
3509,37
3510,38
3511,39
3512,40
3513,41
3514,42
3515,43
3516,44
3517,45
3518,46
3519,47
3520,3
3521,4
3522,5
3523,6
3524,7
3525,8
3526,9
3527,10
3528,11
3529,12
3530,13
3531,14
3532,10
3533,11
3534,12
3535,13
3536,14
3537,15
3538,16
3539,17
3540,18
3541,19
3542,20
3543,21
3544,16
3545,17
3546,18
3547,19
3548,20
3549,21
3550,22
3551,23
3552,24
3553,25
3554,26
3555,27
3556,23
3557,24
3558,25
3559,26
3560,27
3561,28
3562,29
3563,30
3564,31
3565,32
3566,33
3567,34
3568,9
3569,10
3570,11
3571,12
3572,13
3573,14
3574,15
3575,16
3576,17
3577,18
3578,19
3579,20
3580,23
3581,24
3582,25
3583,26
3584,27
3585,28
3586,29
3587,30
3588,31
3589,32
3590,33
3591,34
3592,38
3593,39
3594,40
3595,41
3596,42
3597,43
3598,44
3599,45
3600,46
3601,47
3602,48
3603,49
3604,56
3605,57
3606,58
3607,59
3608,60
3609,61
3610,62
3611,63
3612,64
3613,65
3614,66
3615,67
3616,1
3617,2
3618,3
3619,4
3620,5
3621,6
3622,7
3623,8
3624,9
3625,10
3626,3
3627,4
3628,5
3629,6
3630,7
3631,36
3632,37
3633,38
3634,39
3635,40
3636,41
3637,42
3638,43
3639,44
3640,45
3641,46
3642,47
3643,25
3644,26
3645,27
3646,28
3647,29
3648,30
3649,31
3650,32
3651,33
3652,34
3653,35
3654,36
3655,0
3656,0
3657,0
3658,0
3659,0
3660,0
3661,0
3662,0
3663,0
3664,0
3665,1
3666,2
3667,36
3668,37
3669,38
3670,39
3671,40
3672,41
3673,42
3674,43
3675,44
3676,45
3677,46
3678,47
3679,16
3680,17
3681,18
3682,19
3683,20
3684,21
3685,22
3686,23
3687,24
3688,24
3689,23
3690,24
3691,25
3692,26
3693,27
3694,28
3695,29
3696,30
3697,31
3698,32
3699,33
3700,34
3701,7
3702,8
3703,9
3704,10
3705,11
3706,12
3707,13
3708,14
3709,15
3710,16
3711,17
3712,18
3713,29
3714,30
3715,31
3716,32
3717,33
3718,34
3719,35
3720,36
3721,37
3722,38
3723,39
3724,40
3725,10
3726,11
3727,12
3728,13
3729,14
3730,15
3731,16
3732,17
3733,18
3734,19
3735,20
3736,21
3737,2
3738,3
3739,4
3740,5
3741,6
3742,7
3743,8
3744,9
3745,10
3746,11
3747,12
3748,13
3749,2
3750,3
3751,4
3752,5
3753,6
3754,7
3755,8
3756,9
3757,10
3758,11
3759,12
3760,13
3761,24
3762,25
3763,26
3764,27
3765,28
3766,29
3767,30
3768,31
3769,32
3770,33
3771,34
3772,35
3773,21
3774,22
3775,23
3776,24
3777,25
3778,26
3779,27
3780,28
3781,29
3782,30
3783,31
3784,32
3785,1
3786,2
3787,0
3788,1
3789,2
3790,3
3791,4
3792,5
3793,6
3794,7
3795,21
3796,22
3797,23
3798,24
3799,25
3800,26
3801,27
3802,28
3803,29
3804,30
3805,31
3806,32
3807,21
3808,22
3809,23
3810,24
3811,25
3812,26
3813,27
3814,28
3815,29
3816,30
3817,31
3818,32
3819,18
3820,19
3821,20
3822,21
3823,22
3824,23
3825,24
3826,25
3827,26
3828,27
3829,28
3830,29
3831,0
3832,0
3833,0
3834,1
3835,2
3836,3
3837,4
3838,5
3839,6
3840,7
3841,8
3842,9
3843,3
3844,4
3845,5
3846,6
3847,7
3848,8
3849,9
3850,10
3851,11
3852,12
3853,13
3854,14
3855,39
3856,40
3857,41
3858,42
3859,43
3860,44
3861,45
3862,46
3863,47
3864,48
3865,49
3866,50
3867,6
3868,7
3869,8
3870,9
3871,10
3872,11
3873,12
3874,13
3875,14
3876,15
3877,16
3878,17
3879,2
3880,3
3881,4
3882,5
3883,6
3884,7
3885,8
3886,9
3887,10
3888,11
3889,12
3890,13
3891,21
3892,22
3893,23
3894,24
3895,25
3896,26
3897,27
3898,28
3899,29
3900,30
3901,31
3902,32
3903,0
3904,1
3905,2
3906,3
3907,4
3908,5
3909,6
3910,7
3911,8
3912,9
3913,10
3914,11
3915,39
3916,40
3917,41
3918,42
3919,43
3920,44
3921,45
3922,46
3923,47
3924,48
3925,49
3926,50
3927,0
3928,0
3929,0
3930,0
3931,1
3932,2
3933,3
3934,4
3935,5
3936,6
3937,7
3938,8
3939,37
3940,38
3941,39
3942,40
3943,41
3944,42
3945,43
3946,44
3947,45
3948,46
3949,47
3950,48
3951,1
3952,2
3953,3
3954,4
3955,5
3956,6
3957,26
3958,27
3959,28
3960,29
3961,30
3962,31
3963,32
3964,33
3965,34
3966,35
3967,36
3968,37
3969,23
3970,24
3971,25
3972,26
3973,27
3974,28
3975,29
3976,30
3977,31
3978,32
3979,33
3980,34
3981,4
3982,5
3983,6
3984,7
3985,8
3986,9
3987,10
3988,11
3989,12
3990,13
3991,14
3992,15
3993,18
3994,19
3995,20
3996,21
3997,22
3998,23
3999,24
4000,25
4001,26
4002,27
4003,28
4004,29
4005,27
4006,28
4007,29
4008,30
4009,31
4010,32
4011,33
4012,34
4013,35
4014,36
4015,37
4016,38
4017,5
4018,6
4019,7
4020,8
4021,9
4022,10
4023,11
4024,12
4025,13
4026,14
4027,15
4028,16
4029,10
4030,11
4031,12
4032,13
4033,14
4034,15
4035,16
4036,17
4037,18
4038,19
4039,20
4040,21
4041,36
4042,37
4043,38
4044,39
4045,40
4046,41
4047,42
4048,43
4049,44
4050,45
4051,46
4052,47
4053,8
4054,9
4055,10
4056,11
4057,12
4058,13
4059,14
4060,15
4061,16
4062,17
4063,18
4064,19
4065,9
4066,10
4067,11
4068,3
4069,4
4070,5
4071,6
4072,7
4073,8
4074,9
4075,10
4076,11
4077,12
4078,13
4079,14
4080,25
4081,26
4082,27
4083,28
4084,29
4085,30
4086,31
4087,32
4088,33
4089,34
4090,35
4091,36
4092,37
4093,38
4094,39
4095,40
4096,41
4097,42
4098,43
4099,44
4100,45
4101,46
4102,47
4103,48
4104,39
4105,40
4106,41
4107,42
4108,18
4109,19
4110,20
4111,21
4112,22
4113,23
4114,24
4115,25
4116,26
4117,27
4118,28
4119,29
4120,30
4121,31
4122,32
4123,33
4124,34
4125,16
4126,17
4127,18
4128,19
4129,20
4130,21
4131,22
4132,23
4133,24
4134,25
4135,26
4136,27
4137,24
4138,25
4139,26
4140,27
4141,28
4142,29
4143,30
4144,31
4145,32
4146,33
4147,34
4148,35
4149,34
4150,35
4151,36
4152,37
4153,38
4154,39
4155,40
4156,41
4157,42
4158,21
4159,22
4160,23
4161,24
4162,25
4163,26
4164,27
4165,28
4166,29
4167,30
4168,31
4169,32
4170,22
4171,23
4172,24
4173,25
4174,26
4175,27
4176,28
4177,29
4178,30
4179,31
4180,32
4181,33
4182,36
4183,37
4184,38
4185,39
4186,40
4187,41
4188,42
4189,43
4190,44
4191,45
4192,46
4193,47
4194,23
4195,24
4196,25
4197,26
4198,27
4199,28
4200,29
4201,30
4202,31
4203,32
4204,33
4205,34
4206,16
4207,17
4208,18
4209,19
4210,20
4211,21
4212,22
4213,23
4214,24
4215,25
4216,26
4217,27
4218,0
4219,0
4220,0
4221,0
4222,0
4223,0
4224,0
4225,0
4226,0
4227,1
4228,2
4229,3
4230,23
4231,24
4232,25
4233,26
4234,27
4235,28
4236,29
4237,30
4238,31
4239,32
4240,33
4241,34
4242,37
4243,38
4244,39
4245,40
4246,41
4247,42
4248,43
4249,44
4250,45
4251,46
4252,47
4253,48
4254,3
4255,4
4256,5
4257,6
4258,7
4259,8
4260,9
4261,10
4262,11
4263,12
4264,13
4265,14
4266,7
4267,8
4268,9
4269,10
4270,11
4271,12
4272,13
4273,14
4274,15
4275,16
4276,17
4277,18
4278,21
4279,22
4280,23
4281,24
4282,25
4283,26
4284,27
4285,28
4286,29
4287,30
4288,31
4289,32
4290,23
4291,24
4292,24
4293,25
4294,26
4295,27
4296,28
4297,29
4298,30
4299,31
4300,32
4301,33
4302,34
4303,35
4304,36
4305,37
4306,38
4307,39
4308,40
4309,41
4310,42
4311,43
4312,44
4313,45
4314,46
4315,47
4316,24
4317,25
4318,26
4319,27
4320,28
4321,29
4322,30
4323,31
4324,32
4325,33
4326,34
4327,35
4328,39
4329,40
4330,41
4331,42
4332,43
4333,44
4334,45
4335,46
4336,47
4337,48
4338,49
4339,50
4340,7
4341,8
4342,9
4343,10
4344,11
4345,12
4346,13
4347,14
4348,15
4349,16
4350,17
4351,18
4352,39
4353,40
4354,41
4355,42
4356,43
4357,44
4358,45
4359,46
4360,47
4361,48
4362,49
4363,50
4364,38
4365,39
4366,40
4367,41
4368,42
4369,43
4370,44
4371,45
4372,46
4373,47
4374,48
4375,49
4376,36
4377,37
4378,38
4379,39
4380,40
4381,41
4382,42
4383,43
4384,44
4385,45
4386,46
4387,47
4388,34
4389,35
4390,36
4391,37
4392,38
4393,39
4394,40
4395,41
4396,42
4397,43
4398,44
4399,45
4400,17
4401,18
4402,19
4403,20
4404,21
4405,22
4406,23
4407,24
4408,25
4409,26
4410,27
4411,28
4412,4
4413,5
4414,6
4415,7
4416,8
4417,9
4418,10
4419,11
4420,12
4421,13
4422,14
4423,15
4424,36
4425,37
4426,38
4427,39
4428,40
4429,41
4430,42
4431,43
4432,44
4433,45
4434,46
4435,47
4436,0
4437,0
4438,0
4439,0
4440,0
4441,0
4442,1
4443,2
4444,3
4445,4
4446,5
4447,6
4448,8
4449,9
4450,10
4451,11
4452,12
4453,13
4454,14
4455,15
4456,16
4457,17
4458,18
4459,19
4460,25
4461,26
4462,27
4463,28
4464,29
4465,30
4466,31
4467,1
4468,2
4469,3
4470,20
4471,21
4472,22
4473,23
4474,24
4475,25
4476,26
4477,27
4478,28
4479,29
4480,30
4481,31
4482,37
4483,38
4484,39
4485,40
4486,41
4487,42
4488,43
4489,44
4490,45
4491,46
4492,47
4493,48
4494,42
4495,43
4496,44
4497,45
4498,46
4499,47
4500,48
4501,49
4502,50
4503,51
4504,52
4505,53
4506,7
4507,8
4508,9
4509,10
4510,11
4511,12
4512,13
4513,14
4514,15
4515,16
4516,17
4517,18
4518,2
4519,3
4520,4
4521,5
4522,6
4523,7
4524,8
4525,9
4526,10
4527,11
4528,12
4529,13
4530,2
4531,3
4532,4
4533,5
4534,6
4535,7
4536,8
4537,9
4538,10
4539,11
4540,12
4541,13
4542,13
4543,14
4544,15
4545,16
4546,17
4547,18
4548,19
4549,20
4550,21
4551,22
4552,23
4553,24
4554,22
4555,23
4556,24
4557,25
4558,26
4559,27
4560,28
4561,29
4562,30
4563,31
4564,32
4565,33
4566,34
4567,23
4568,24
4569,25
4570,26
4571,27
4572,28
4573,29
4574,30
4575,31
4576,32
4577,33
4578,34
4579,11
4580,12
4581,13
4582,14
4583,15
4584,16
4585,17
4586,18
4587,19
4588,20
4589,21
4590,22
4591,35
4592,36
4593,37
4594,38
4595,39
4596,40
4597,41
4598,42
4599,43
4600,44
4601,45
4602,46
4603,24
4604,25
4605,26
4606,27
4607,28
4608,29
4609,30
4610,31
4611,32
4612,33
4613,34
4614,35
4615,13
4616,14
4617,15
4618,16
4619,17
4620,18
4621,19
4622,20
4623,21
4624,22
4625,23
4626,24
4627,15
4628,16
4629,17
4630,18
4631,19
4632,20
4633,21
4634,22
4635,23
4636,24
4637,25
4638,26
4639,23
4640,24
4641,25
4642,26
4643,27
4644,28
4645,29
4646,30
4647,31
4648,32
4649,33
4650,34
4651,39
4652,40
4653,41
4654,42
4655,43
4656,44
4657,45
4658,46
4659,47
4660,48
4661,49
4662,50
4663,13
4664,14
4665,15
4666,16
4667,17
4668,18
4669,19
4670,20
4671,21
4672,22
4673,23
4674,24
4675,44
4676,45
4677,46
4678,47
4679,48
4680,49
4681,50
4682,51
4683,52
4684,53
4685,54
4686,55
4687,7
4688,8
4689,9
4690,10
4691,11
4692,12
4693,13
4694,14
4695,15
4696,16
4697,17
4698,18
4699,44
4700,45
4701,46
4702,47
4703,48
4704,49
4705,50
4706,51
4707,52
4708,53
4709,54
4710,55
4711,42
4712,43
4713,44
4714,45
4715,46
4716,47
4717,48
4718,49
4719,50
4720,51
4721,52
4722,53
4723,20
4724,21
4725,22
4726,23
4727,24
4728,25
4729,26
4730,27
4731,28
4732,29
4733,30
4734,31
4735,27
4736,28
4737,29
4738,30
4739,31
4740,32
4741,33
4742,34
4743,35
4744,36
4745,37
4746,38
4747,15
4748,16
4749,17
4750,18
4751,19
4752,20
4753,21
4754,22
4755,23
4756,24
4757,25
4758,26
4759,24
4760,25
4761,26
4762,27
4763,28
4764,29
4765,30
4766,31
4767,32
4768,33
4769,34
4770,35
4771,34
4772,35
4773,36
4774,37
4775,38
4776,39
4777,40
4778,41
4779,42
4780,43
4781,44
4782,45
4783,22
4784,23
4785,24
4786,25
4787,26
4788,27
4789,28
4790,29
4791,30
4792,31
4793,32
4794,33
4795,42
4796,43
4797,44
4798,45
4799,46
4800,47
4801,48
4802,49
4803,50
4804,51
4805,52
4806,53
4807,1
4808,2
4809,3
4810,4
4811,5
4812,6
4813,7
4814,8
4815,9
4816,10
4817,1
4818,2
4819,3
4820,4
4821,5
4822,6
4823,35
4824,36
4825,37
4826,38
4827,39
4828,40
4829,41
4830,42
4831,43
4832,44
4833,45
4834,46
4835,0
4836,0
4837,0
4838,0
4839,0
4840,0
4841,1
4842,2
4843,3
4844,4
4845,5
4846,6
4847,23
4848,24
4849,25
4850,26
4851,27
4852,28
4853,29
4854,30
4855,31
4856,32
4857,33
4858,34
4859,16
4860,17
4861,18
4862,19
4863,20
4864,21
4865,22
4866,23
4867,24
4868,25
4869,26
4870,27
4871,18
4872,19
4873,20
4874,21
4875,22
4876,23
4877,24
4878,25
4879,26
4880,27
4881,28
4882,29
4883,1
4884,2
4885,3
4886,4
4887,5
4888,6
4889,7
4890,8
4891,9
4892,10
4893,11
4894,7
4895,8
4896,9
4897,10
4898,11
4899,12
4900,13
4901,14
4902,15
4903,16
4904,17
4905,18
4906,0
4907,0
4908,0
4909,0
4910,1
4911,2
4912,3
4913,4
4914,5
4915,6
4916,7
4917,8
4918,36
4919,37
4920,38
4921,39
4922,40
4923,41
4924,42
4925,43
4926,44
4927,45
4928,46
4929,47
4930,16
4931,17
4932,18
4933,19
4934,20
4935,21
4936,22
4937,23
4938,24
4939,0
4940,0
4941,1
4942,2
4943,3
4944,4
4945,5
4946,6
4947,7
4948,12
4949,13
4950,14
4951,15
4952,16
4953,17
4954,18
4955,19
4956,20
4957,21
4958,22
4959,23
4960,1
4961,2
4962,3
4963,4
4964,13
4965,14
4966,15
4967,16
4968,17
4969,18
4970,19
4971,20
4972,21
4973,22
4974,23
4975,24
4976,48
4977,49
4978,50
4979,51
4980,52
4981,53
4982,54
4983,55
4984,56
4985,57
4986,58
4987,59
4988,0
4989,0
4990,1
4991,2
4992,3
4993,4
4994,5
4995,6
4996,7
4997,8
4998,9
4999,10
5000,9
5001,10
5002,11
5003,12
5004,13
5005,14
5006,15
5007,16
5008,17
5009,18
5010,19
5011,20
5012,37
5013,38
5014,39
5015,40
5016,41
5017,42
5018,43
5019,44
5020,45
5021,46
5022,47
5023,48
5024,35
5025,36
5026,37
5027,38
5028,39
5029,40
5030,41
5031,42
5032,43
5033,44
5034,45
5035,46
5036,1
5037,2
5038,23
5039,24
5040,25
5041,26
5042,27
5043,28
5044,29
5045,30
5046,31
5047,32
5048,33
5049,34
5050,0
5051,1
5052,2
5053,3
5054,4
5055,5
5056,6
5057,7
5058,8
5059,6
5060,7
5061,8
5062,9
5063,10
5064,11
5065,12
5066,13
5067,14
5068,15
5069,16
5070,17
5071,0
5072,0
5073,0
5074,0
5075,0
5076,0
5077,0
5078,0
5079,0
5080,0
5081,1
5082,2
5083,6
5084,7
5085,8
5086,9
5087,10
5088,11
5089,12
5090,13
5091,14
5092,15
5093,16
5094,17
5095,36
5096,37
5097,38
5098,39
5099,40
5100,41
5101,42
5102,43
5103,44
5104,45
5105,46
5106,47
5107,0
5108,1
5109,2
5110,3
5111,4
5112,5
5113,1
5114,2
5115,3
5116,4
5117,5
5118,6
5119,38
5120,39
5121,40
5122,41
5123,42
5124,43
5125,44
5126,45
5127,46
5128,47
5129,48
5130,49
5131,39
5132,40
5133,41
5134,42
5135,43
5136,44
5137,45
5138,46
5139,47
5140,48
5141,49
5142,50
5143,21
5144,22
5145,23
5146,24
5147,25
5148,26
5149,27
5150,28
5151,29
5152,30
5153,31
5154,32
5155,39
5156,40
5157,41
5158,42
5159,43
5160,44
5161,45
5162,46
5163,47
5164,48
5165,49
5166,1
5167,2
5168,3
5169,4
5170,5
5171,6
5172,7
5173,8
5174,9
5175,10
5176,11
5177,12
5178,4
5179,5
5180,6
5181,7
5182,8
5183,9
5184,10
5185,11
5186,12
5187,13
5188,14
5189,15
5190,0
5191,0
5192,0
5193,0
5194,0
5195,0
5196,0
5197,0
5198,0
5199,1
5200,2
5201,3
5202,22
5203,23
5204,24
5205,25
5206,26
5207,27
5208,28
5209,29
5210,30
5211,31
5212,32
5213,33
5214,23
5215,24
5216,25
5217,26
5218,27
5219,28
5220,29
5221,30
5222,31
5223,32
5224,33
5225,34
5226,18
5227,19
5228,20
5229,21
5230,22
5231,23
5232,24
5233,25
5234,26
5235,27
5236,28
5237,29
5238,16
5239,17
5240,18
5241,19
5242,20
5243,21
5244,22
5245,23
5246,24
5247,25
5248,26
5249,27
5250,23
5251,24
5252,25
5253,26
5254,27
5255,28
5256,29
5257,30
5258,31
5259,32
5260,33
5261,34
5262,1
5263,2
5264,3
5265,4
5266,5
5267,6
5268,3
5269,4
5270,5
5271,6
5272,7
5273,8
5274,9
5275,10
5276,11
5277,12
5278,13
5279,14
5280,1
5281,2
5282,3
5283,4
5284,5
5285,6
5286,7
5287,8
5288,9
5289,10
5290,11
5291,12
5292,23
5293,24
5294,25
5295,26
5296,27
5297,28
5298,29
5299,30
5300,31
5301,32
5302,33
5303,34
5304,36
5305,37
5306,38
5307,39
5308,40
5309,41
5310,42
5311,43
5312,44
5313,45
5314,46
5315,47
5316,24
5317,25
5318,26
5319,27
5320,28
5321,29
5322,30
5323,31
5324,32
5325,33
5326,34
5327,35
5328,37
5329,38
5330,24
5331,25
5332,26
5333,27
5334,28
5335,29
5336,30
5337,31
5338,32
5339,33
5340,34
5341,35
5342,24
5343,25
5344,26
5345,27
5346,28
5347,29
5348,30
5349,31
5350,32
5351,33
5352,34
5353,35
5354,4
5355,5
5356,6
5357,7
5358,8
5359,9
5360,10
5361,11
5362,12
5363,13
5364,14
5365,15
5366,22
5367,23
5368,24
5369,25
5370,26
5371,27
5372,28
5373,29
5374,30
5375,31
5376,32
5377,33
5378,37
5379,38
5380,39
5381,40
5382,41
5383,42
5384,43
5385,44
5386,45
5387,46
5388,47
5389,48
5390,2
5391,3
5392,4
5393,5
5394,6
5395,7
5396,8
5397,9
5398,10
5399,11
5400,12
5401,13
5402,23
5403,24
5404,25
5405,26
5406,27
5407,28
5408,29
5409,30
5410,31
5411,32
5412,33
5413,34
5414,23
5415,24
5416,25
5417,26
5418,27
5419,28
5420,29
5421,30
5422,31
5423,32
5424,33
5425,34
5426,0
5427,1
5428,2
5429,3
5430,4
5431,5
5432,6
5433,7
5434,8
5435,9
5436,10
5437,11
5438,36
5439,37
5440,38
5441,39
5442,40
5443,41
5444,42
5445,43
5446,44
5447,45
5448,46
5449,47
5450,33
5451,34
5452,35
5453,36
5454,37
5455,38
5456,39
5457,40
5458,41
5459,42
5460,43
5461,44
5462,25
5463,26
5464,27
5465,28
5466,29
5467,30
5468,31
5469,32
5470,33
5471,34
5472,35
5473,36
5474,37
5475,0
5476,0
5477,38
5478,39
5479,0
5480,1
5481,40
5482,2
5483,3
5484,4
5485,5
5486,6
5487,7
5488,8
5489,9
5490,0
5491,0
5492,0
5493,0
5494,1
5495,2
5496,3
5497,4
5498,5
5499,6
5500,7
5501,0
5502,0
5503,0
5504,1
5505,2
5506,3
5507,4
5508,5
5509,6
5510,7
5511,8
5512,9
5513,16
5514,17
5515,18
5516,19
5517,20
5518,21
5519,22
5520,23
5521,24
5522,25
5523,26
5524,27
5525,33
5526,34
5527,35
5528,36
5529,37
5530,38
5531,39
5532,40
5533,41
5534,42
5535,43
5536,44
5537,37
5538,38
5539,39
5540,40
5541,41
5542,42
5543,43
5544,44
5545,45
5546,46
5547,47
5548,48
5549,37
5550,38
5551,39
5552,40
5553,41
5554,42
5555,43
5556,44
5557,45
5558,46
5559,47
5560,48
5561,18
5562,19
5563,20
5564,21
5565,22
5566,23
5567,24
5568,25
5569,26
5570,27
5571,28
5572,29
5573,32
5574,33
5575,34
5576,35
5577,36
5578,37
5579,38
5580,39
5581,40
5582,41
5583,42
5584,43
5585,37
5586,38
5587,39
5588,40
5589,41
5590,42
5591,43
5592,44
5593,45
5594,46
5595,47
5596,48
5597,23
5598,24
5599,25
5600,26
5601,27
5602,28
5603,29
5604,30
5605,31
5606,32
5607,33
5608,34
5609,24
5610,25
5611,26
5612,27
5613,28
5614,29
5615,30
5616,31
5617,32
5618,33
5619,34
5620,35
5621,36
5622,37
5623,38
5624,39
5625,40
5626,41
5627,42
5628,43
5629,44
5630,45
5631,46
5632,47
5633,36
5634,37
5635,38
5636,39
5637,40
5638,41
5639,42
5640,43
5641,44
5642,45
5643,46
5644,47
5645,23
5646,24
5647,25
5648,26
5649,27
5650,28
5651,29
5652,30
5653,31
5654,32
5655,33
5656,34
5657,27
5658,28
5659,29
5660,30
5661,31
5662,32
5663,33
5664,34
5665,35
5666,36
5667,37
5668,38
5669,6
5670,7
5671,8
5672,9
5673,10
5674,11
5675,12
5676,13
5677,14
5678,15
5679,16
5680,17
5681,24
5682,25
5683,26
5684,27
5685,28
5686,29
5687,30
5688,31
5689,32
5690,33
5691,34
5692,35
5693,7
5694,8
5695,9
5696,10
5697,11
5698,12
5699,13
5700,14
5701,15
5702,16
5703,17
5704,18
5705,36
5706,37
5707,38
5708,39
5709,40
5710,41
5711,42
5712,43
5713,44
5714,45
5715,46
5716,47
5717,26
5718,27
5719,28
5720,29
5721,30
5722,31
5723,32
5724,33
5725,34
5726,35
5727,36
5728,37
5729,25
5730,26
5731,27
5732,28
5733,29
5734,30
5735,31
5736,32
5737,33
5738,34
5739,35
5740,36
5741,36
5742,37
5743,38
5744,39
5745,40
5746,41
5747,42
5748,43
5749,44
5750,45
5751,46
5752,47
5753,19
5754,20
5755,21
5756,22
5757,23
5758,24
5759,25
5760,26
5761,27
5762,28
5763,29
5764,30
5765,39
5766,40
5767,41
5768,42
5769,8
5770,9
5771,10
5772,11
5773,12
5774,13
5775,14
5776,15
5777,16
5778,17
5779,18
5780,19
5781,7
5782,8
5783,9
5784,10
5785,11
5786,12
5787,13
5788,14
5789,15
5790,16
5791,17
5792,18
5793,36
5794,37
5795,38
5796,39
5797,40
5798,41
5799,42
5800,43
5801,44
5802,45
5803,46
5804,47
5805,1
5806,2
5807,3
5808,4
5809,5
5810,6
5811,7
5812,17
5813,18
5814,19
5815,20
5816,21
5817,22
5818,23
5819,24
5820,25
5821,26
5822,27
5823,28
5824,39
5825,40
5826,41
5827,42
5828,43
5829,44
5830,45
5831,46
5832,47
5833,48
5834,49
5835,50
5836,23
5837,24
5838,25
5839,26
5840,27
5841,28
5842,29
5843,30
5844,31
5845,32
5846,33
5847,34
5848,22
5849,23
5850,24
5851,25
5852,26
5853,27
5854,28
5855,29
5856,30
5857,31
5858,32
5859,33
5860,36
5861,37
5862,38
5863,39
5864,40
5865,41
5866,42
5867,43
5868,44
5869,45
5870,46
5871,47
5872,36
5873,37
5874,38
5875,39
5876,40
5877,41
5878,42
5879,43
5880,44
5881,45
5882,46
5883,47
5884,17
5885,18
5886,19
5887,20
5888,21
5889,22
5890,23
5891,36
5892,37
5893,38
5894,39
5895,40
5896,41
5897,42
5898,43
5899,44
5900,45
5901,46
5902,47
5903,44
5904,45
5905,46
5906,47
5907,48
5908,49
5909,50
5910,51
5911,52
5912,53
5913,54
5914,55
5915,35
5916,36
5917,37
5918,38
5919,39
5920,40
5921,41
5922,42
5923,43
5924,44
5925,45
5926,46
5927,25
5928,26
5929,27
5930,28
5931,29
5932,30
5933,31
5934,32
5935,33
5936,34
5937,35
5938,36
5939,6
5940,7
5941,8
5942,9
5943,10
5944,11
5945,12
5946,13
5947,14
5948,15
5949,16
5950,17
5951,10
5952,11
5953,12
5954,13
5955,14
5956,15
5957,16
5958,17
5959,18
5960,19
5961,20
5962,21
5963,16
5964,17
5965,18
5966,19
5967,20
5968,21
5969,22
5970,23
5971,24
5972,25
5973,26
5974,27
5975,1
5976,2
5977,3
5978,4
5979,35
5980,36
5981,37
5982,38
5983,39
5984,40
5985,41
5986,42
5987,43
5988,44
5989,45
5990,46
5991,17
5992,18
5993,19
5994,20
5995,21
5996,22
5997,23
5998,24
5999,25
6000,26
6001,27
6002,28
6003,36
6004,37
6005,38
6006,39
6007,40
6008,41
6009,42
6010,43
6011,44
6012,45
6013,46
6014,47
6015,10
6016,11
6017,12
6018,13
6019,14
6020,15
6021,16
6022,17
6023,18
6024,19
6025,20
6026,21
6027,0
6028,0
6029,1
6030,2
6031,3
6032,4
6033,5
6034,6
6035,7
6036,8
6037,9
6038,10
6039,37
6040,38
6041,39
6042,40
6043,41
6044,42
6045,43
6046,44
6047,45
6048,46
6049,47
6050,48
6051,36
6052,37
6053,38
6054,39
6055,40
6056,41
6057,42
6058,43
6059,44
6060,45
6061,46
6062,47
6063,22
6064,23
6065,24
6066,25
6067,26
6068,27
6069,28
6070,29
6071,30
6072,31
6073,32
6074,33
6075,37
6076,38
6077,39
6078,40
6079,41
6080,42
6081,43
6082,44
6083,45
6084,46
6085,47
6086,48
6087,37
6088,38
6089,39
6090,40
6091,41
6092,42
6093,43
6094,44
6095,45
6096,46
6097,47
6098,48
6099,25
6100,26
6101,27
6102,28
6103,29
6104,30
6105,31
6106,32
6107,33
6108,34
6109,35
6110,36
6111,0
6112,0
6113,0
6114,1
6115,2
6116,3
6117,4
6118,5
6119,6
6120,7
6121,8
6122,9
6123,39
6124,40
6125,41
6126,42
6127,43
6128,44
6129,45
6130,46
6131,47
6132,48
6133,49
6134,50
6135,56
6136,57
6137,58
6138,59
6139,60
6140,61
6141,62
6142,63
6143,64
6144,65
6145,66
6146,67
6147,8
6148,9
6149,10
6150,11
6151,12
6152,13
6153,14
6154,15
6155,16
6156,17
6157,18
6158,19
6159,24
6160,25
6161,26
6162,27
6163,28
6164,29
6165,30
6166,31
6167,32
6168,33
6169,34
6170,35
6171,5
6172,6
6173,7
6174,8
6175,9
6176,10
6177,11
6178,12
6179,13
6180,14
6181,15
6182,16
6183,28
6184,29
6185,30
6186,31
6187,32
6188,33
6189,34
6190,35
6191,36
6192,37
6193,38
6194,39
6195,38
6196,39
6197,40
6198,41
6199,42
6200,43
6201,44
6202,45
6203,46
6204,47
6205,48
6206,49
6207,1
6208,2
6209,3
6210,4
6211,5
6212,6
6213,7
6214,8
6215,9
6216,10
6217,24
6218,25
6219,26
6220,27
6221,28
6222,29
6223,30
6224,31
6225,32
6226,33
6227,34
6228,35
6229,17
6230,0
6231,0
6232,0
6233,0
6234,0
6235,0
6236,0
6237,1
6238,2
6239,3
6240,4
6241,5
6242,4
6243,5
6244,6
6245,7
6246,8
6247,9
6248,10
6249,11
6250,12
6251,13
6252,14
6253,15
6254,26
6255,27
6256,28
6257,29
6258,30
6259,31
6260,32
6261,33
6262,34
6263,35
6264,36
6265,37
6266,0
6267,0
6268,0
6269,0
6270,0
6271,0
6272,0
6273,0
6274,0
6275,0
6276,1
6277,2
6278,39
6279,40
6280,41
6281,42
6282,43
6283,44
6284,45
6285,46
6286,0
6287,0
6288,0
6289,0
6290,0
6291,0
6292,0
6293,1
6294,2
6295,3
6296,4
6297,5
6298,1
6299,2
6300,3
6301,4
6302,5
6303,6
6304,7
6305,8
6306,9
6307,10
6308,11
6309,0
6310,0
6311,0
6312,0
6313,0
6314,0
6315,0
6316,0
6317,0
6318,0
6319,1
6320,2
6321,4
6322,5
6323,6
6324,7
6325,8
6326,9
6327,10
6328,11
6329,12
6330,13
6331,24
6332,25
6333,26
6334,27
6335,28
6336,29
6337,30
6338,31
6339,32
6340,33
6341,34
6342,35
6343,19
6344,20
6345,21
6346,22
6347,23
6348,24
6349,25
6350,26
6351,27
6352,28
6353,29
6354,30
6355,28
6356,3
6357,29
6358,4
6359,30
6360,5
6361,6
6362,31
6363,7
6364,8
6365,9
6366,10
6367,11
6368,12
6369,13
6370,14
6371,15
6372,16
6373,17
6374,18
6375,19
6376,20
6377,21
6378,22
6379,23
6380,24
6381,25
6382,26
6383,35
6384,36
6385,37
6386,38
6387,39
6388,40
6389,41
6390,42
6391,43
6392,44
6393,45
6394,46
6395,36
6396,37
6397,38
6398,39
6399,40
6400,41
6401,42
6402,43
6403,44
6404,45
6405,46
6406,47
6407,0
6408,0
6409,0
6410,0
6411,1
6412,2
6413,3
6414,4
6415,5
6416,6
6417,7
6418,8
6419,0
6420,1
6421,2
6422,3
6423,4
6424,5
6425,6
6426,7
6427,8
6428,9
6429,10
6430,11
6431,0
6432,0
6433,0
6434,1
6435,2
6436,0
6437,0
6438,0
6439,0
6440,0
6441,0
6442,0
6443,0
6444,0
6445,1
6446,2
6447,3
6448,1
6449,2
6450,15
6451,16
6452,17
6453,18
6454,19
6455,20
6456,21
6457,22
6458,23
6459,24
6460,25
6461,26
6462,0
6463,0
6464,1
6465,2
6466,0
6467,1
6468,2
6469,3
6470,4
6471,5
6472,23
6473,24
6474,25
6475,26
6476,27
6477,28
6478,29
6479,30
6480,31
6481,32
6482,33
6483,34
6484,16
6485,17
6486,18
6487,19
6488,20
6489,21
6490,22
6491,23
6492,24
6493,25
6494,26
6495,27
6496,25
6497,26
6498,27
6499,28
6500,29
6501,30
6502,31
6503,32
6504,33
6505,34
6506,35
6507,36
6508,15
6509,16
6510,17
6511,18
6512,19
6513,20
6514,21
6515,22
6516,23
6517,24
6518,25
6519,26
6520,0
6521,0
6522,0
6523,0
6524,0
6525,0
6526,0
6527,1
6528,2
6529,3
6530,4
6531,5
6532,16
6533,17
6534,18
6535,19
6536,20
6537,21
6538,22
6539,23
6540,24
6541,25
6542,26
6543,27
6544,0
6545,0
6546,0
6547,0
6548,1
6549,2
6550,3
6551,4
6552,5
6553,6
6554,7
6555,8
6556,1
6557,2
6558,3
6559,4
6560,5
6561,6
6562,7
6563,8
6564,9
6565,10
6566,11
6567,12
6568,13
6569,14
6570,15
6571,16
6572,17
6573,1
6574,2
6575,3
6576,4
6577,5
6578,6
6579,7
6580,8
6581,9
6582,10
6583,11
6584,12
6585,18
6586,19
6587,20
6588,21
6589,22
6590,23
6591,24
6592,25
6593,26
6594,27
6595,28
6596,29
6597,1
6598,2
6599,3
6600,4
6601,5
6602,6
6603,7
6604,8
6605,9
6606,22
6607,23
6608,24
6609,25
6610,26
6611,27
6612,28
6613,29
6614,30
6615,31
6616,32
6617,33
6618,2
6619,3
6620,4
6621,5
6622,6
6623,7
6624,8
6625,9
6626,10
6627,11
6628,12
6629,13
6630,17
6631,18
6632,19
6633,20
6634,21
6635,22
6636,23
6637,24
6638,25
6639,26
6640,27
6641,28
6642,13
6643,14
6644,15
6645,16
6646,17
6647,18
6648,19
6649,20
6650,21
6651,22
6652,23
6653,24
6654,1
6655,2
6656,3
6657,4
6658,5
6659,6
6660,7
6661,8
6662,9
6663,10
6664,43
6665,44
6666,45
6667,46
6668,47
6669,48
6670,49
6671,50
6672,51
6673,52
6674,53
6675,54
6676,2
6677,3
6678,4
6679,5
6680,6
6681,7
6682,8
6683,9
6684,10
6685,11
6686,12
6687,0
6688,0
6689,0
6690,0
6691,1
6692,2
6693,3
6694,4
6695,5
6696,6
6697,7
6698,8
6699,0
6700,1
6701,2
6702,3
6703,4
6704,5
6705,6
6706,7
6707,8
6708,9
6709,10
6710,11
6711,12
6712,13
6713,14
6714,15
6715,16
6716,17
6717,18
6718,19
6719,10
6720,11
6721,12
6722,13
6723,14
6724,15
6725,16
6726,17
6727,18
6728,19
6729,20
6730,21
6731,4
6732,15
6733,16
6734,17
6735,18
6736,19
6737,20
6738,21
6739,22
6740,23
6741,24
6742,25
6743,26
6744,39
6745,40
6746,41
6747,42
6748,43
6749,44
6750,45
6751,46
6752,47
6753,48
6754,49
6755,50
6756,16
6757,17
6758,18
6759,19
6760,20
6761,21
6762,22
6763,23
6764,24
6765,25
6766,26
6767,27
6768,22
6769,23
6770,24
6771,25
6772,26
6773,27
6774,28
6775,29
6776,30
6777,31
6778,32
6779,33
6780,2
6781,3
6782,4
6783,5
6784,6
6785,7
6786,8
6787,9
6788,10
6789,15
6790,16
6791,17
6792,18
6793,19
6794,20
6795,21
6796,22
6797,23
6798,24
6799,25
6800,26
6801,3
6802,4
6803,5
6804,6
6805,7
6806,8
6807,9
6808,10
6809,11
6810,12
6811,13
6812,14
6813,39
6814,40
6815,41
6816,8
6817,9
6818,10
6819,11
6820,12
6821,13
6822,14
6823,15
6824,16
6825,17
6826,18
6827,19
6828,24
6829,25
6830,26
6831,27
6832,28
6833,29
6834,30
6835,31
6836,32
6837,33
6838,34
6839,35
6840,9
6841,10
6842,11
6843,12
6844,13
6845,14
6846,15
6847,16
6848,17
6849,18
6850,19
6851,20
6852,24
6853,25
6854,26
6855,27
6856,28
6857,29
6858,30
6859,31
6860,32
6861,33
6862,34
6863,35
6864,24
6865,25
6866,26
6867,27
6868,28
6869,29
6870,30
6871,31
6872,32
6873,33
6874,34
6875,35
6876,17
6877,18
6878,19
6879,20
6880,21
6881,22
6882,23
6883,24
6884,25
6885,26
6886,27
6887,28
6888,2
6889,3
6890,4
6891,5
6892,6
6893,7
6894,8
6895,9
6896,10
6897,11
6898,12
6899,13
6900,18
6901,19
6902,20
6903,21
6904,22
6905,23
6906,24
6907,25
6908,26
6909,27
6910,28
6911,29
6912,15
6913,16
6914,17
6915,18
6916,19
6917,20
6918,21
6919,22
6920,23
6921,24
6922,25
6923,26
6924,6
6925,7
6926,8
6927,9
6928,10
6929,11
6930,12
6931,13
6932,14
6933,15
6934,16
6935,17
6936,1
6937,2
6938,3
6939,4
6940,5
6941,6
6942,7
6943,8
6944,9
6945,10
6946,11
6947,12
6948,1
6949,2
6950,3
6951,4
6952,5
6953,6
6954,7
6955,37
6956,38
6957,39
6958,40
6959,41
6960,42
6961,43
6962,44
6963,45
6964,46
6965,47
6966,48
6967,23
6968,24
6969,25
6970,26
6971,27
6972,28
6973,29
6974,30
6975,31
6976,32
6977,33
6978,34
6979,27
6980,28
6981,29
6982,30
6983,31
6984,32
6985,33
6986,34
6987,35
6988,36
6989,37
6990,38
6991,39
6992,40
6993,41
6994,42
6995,43
6996,44
6997,45
6998,46
6999,47
7000,48
7001,49
7002,50
7003,38
7004,39
7005,40
7006,41
7007,42
7008,43
7009,44
7010,45
7011,46
7012,47
7013,48
7014,49
7015,18
7016,19
7017,20
7018,21
7019,22
7020,23
7021,24
7022,25
7023,26
7024,27
7025,28
7026,29
7027,8
7028,9
7029,10
7030,11
7031,12
7032,13
7033,14
7034,15
7035,16
7036,17
7037,18
7038,19
7039,10
7040,11
7041,12
7042,13
7043,14
7044,15
7045,16
7046,17
7047,18
7048,19
7049,20
7050,21
7051,1
7052,2
7053,3
7054,4
7055,5
7056,6
7057,7
7058,8
7059,9
7060,10
7061,11
7062,12
7063,4
7064,5
7065,6
7066,7
7067,8
7068,9
7069,10
7070,11
7071,12
7072,13
7073,14
7074,15
7075,0
7076,0
7077,0
7078,0
7079,0
7080,0
7081,0
7082,0
7083,0
7084,1
7085,2
7086,22
7087,23
7088,24
7089,25
7090,26
7091,27
7092,28
7093,29
7094,30
7095,31
7096,32
7097,33
7098,0
7099,0
7100,0
7101,0
7102,0
7103,0
7104,0
7105,0
7106,1
7107,2
7108,3
7109,4
7110,13
7111,14
7112,15
7113,16
7114,17
7115,18
7116,19
7117,20
7118,21
7119,22
7120,23
7121,24
7122,44
7123,45
7124,46
7125,47
7126,48
7127,49
7128,50
7129,51
7130,52
7131,53
7132,54
7133,55
7134,0
7135,0
7136,0
7137,0
7138,0
7139,1
7140,2
7141,3
7142,4
7143,5
7144,6
7145,7
7146,36
7147,37
7148,38
7149,39
7150,40
7151,41
7152,42
7153,43
7154,44
7155,45
7156,46
7157,47
7158,5
7159,6
7160,7
7161,8
7162,9
7163,10
7164,11
7165,12
7166,13
7167,14
7168,15
7169,16
7170,5
7171,6
7172,7
7173,17
7174,18
7175,19
7176,20
7177,21
7178,22
7179,23
7180,24
7181,25
7182,26
7183,27
7184,28
7185,37
7186,38
7187,39
7188,1
7189,2
7190,3
7191,4
7192,5
7193,6
7194,7
7195,8
7196,9
7197,10
7198,11
7199,12
7200,13
7201,14
7202,15
7203,16
7204,17
7205,18
7206,24
7207,25
7208,26
7209,27
7210,28
7211,29
7212,30
7213,31
7214,32
7215,33
7216,34
7217,35
7218,36
7219,37
7220,38
7221,39
7222,40
7223,41
7224,42
7225,43
7226,44
7227,45
7228,46
7229,47
7230,35
7231,36
7232,37
7233,38
7234,39
7235,40
7236,41
7237,42
7238,43
7239,44
7240,45
7241,46
7242,34
7243,35
7244,36
7245,37
7246,38
7247,39
7248,40
7249,41
7250,42
7251,43
7252,44
7253,45
7254,2
7255,3
7256,4
7257,5
7258,6
7259,7
7260,8
7261,9
7262,10
7263,11
7264,12
7265,13
7266,24
7267,25
7268,26
7269,27
7270,28
7271,29
7272,30
7273,31
7274,32
7275,33
7276,34
7277,35
7278,1
7279,2
7280,3
7281,4
7282,5
7283,6
7284,7
7285,8
7286,31
7287,32
7288,33
7289,34
7290,35
7291,36
7292,37
7293,38
7294,39
7295,40
7296,41
7297,42
7298,0
7299,1
7300,2
7301,3
7302,4
7303,5
7304,6
7305,7
7306,8
7307,9
7308,10
7309,11
7310,39
7311,40
7312,41
7313,42
7314,43
7315,44
7316,45
7317,46
7318,47
7319,48
7320,49
7321,50
7322,23
7323,24
7324,25
7325,26
7326,27
7327,28
7328,29
7329,30
7330,31
7331,32
7332,33
7333,34
7334,11
7335,12
7336,13
7337,14
7338,15
7339,16
7340,17
7341,18
7342,19
7343,20
7344,21
7345,22
7346,25
7347,26
7348,27
7349,28
7350,29
7351,30
7352,31
7353,32
7354,33
7355,34
7356,35
7357,36
7358,35
7359,36
7360,37
7361,38
7362,39
7363,40
7364,41
7365,42
7366,43
7367,44
7368,45
7369,46
7370,25
7371,26
7372,27
7373,28
7374,29
7375,30
7376,31
7377,32
7378,33
7379,34
7380,35
7381,36
7382,3
7383,4
7384,5
7385,6
7386,7
7387,8
7388,9
7389,10
7390,11
7391,12
7392,13
7393,14
7394,22
7395,23
7396,24
7397,25
7398,26
7399,27
7400,28
7401,29
7402,30
7403,31
7404,32
7405,33
7406,18
7407,19
7408,20
7409,21
7410,22
7411,23
7412,24
7413,25
7414,26
7415,27
7416,28
7417,29
7418,2
7419,3
7420,4
7421,5
7422,6
7423,7
7424,8
7425,9
7426,10
7427,11
7428,12
7429,13
7430,36
7431,37
7432,38
7433,39
7434,40
7435,41
7436,42
7437,43
7438,44
7439,45
7440,46
7441,47
7442,23
7443,24
7444,25
7445,26
7446,27
7447,28
7448,29
7449,30
7450,31
7451,32
7452,33
7453,34
7454,0
7455,0
7456,0
7457,0
7458,1
7459,2
7460,18
7461,19
7462,20
7463,21
7464,22
7465,23
7466,24
7467,25
7468,26
7469,27
7470,28
7471,29
7472,6
7473,7
7474,8
7475,9
7476,10
7477,11
7478,12
7479,13
7480,14
7481,15
7482,16
7483,17
7484,0
7485,0
7486,0
7487,0
7488,1
7489,2
7490,3
7491,4
7492,5
7493,1
7494,2
7495,3
7496,4
7497,5
7498,6
7499,7
7500,8
7501,9
7502,6
7503,7
7504,8
7505,9
7506,10
7507,11
7508,12
7509,13
7510,14
7511,15
7512,16
7513,17
7514,25
7515,26
7516,27
7517,28
7518,29
7519,30
7520,31
7521,32
7522,33
7523,34
7524,35
7525,36
7526,25
7527,26
7528,27
7529,28
7530,29
7531,30
7532,31
7533,32
7534,33
7535,34
7536,35
7537,36
7538,34
7539,35
7540,36
7541,37
7542,38
7543,39
7544,40
7545,41
7546,42
7547,43
7548,44
7549,45
7550,0
7551,1
7552,2
7553,3
7554,4
7555,5
7556,6
7557,7
7558,8
7559,9
7560,2
7561,3
7562,4
7563,5
7564,6
7565,7
7566,8
7567,9
7568,10
7569,11
7570,12
7571,13
7572,1
7573,2
7574,3
7575,4
7576,5
7577,6
7578,7
7579,8
7580,9
7581,10
7582,11
7583,12
7584,17
7585,11
7586,12
7587,13
7588,14
7589,15
7590,16
7591,17
7592,18
7593,19
7594,20
7595,21
7596,22
7597,0
7598,0
7599,0
7600,1
7601,2
7602,3
7603,4
7604,5
7605,6
7606,7
7607,8
7608,9
7609,0
7610,1
7611,2
7612,3
7613,4
7614,5
7615,16
7616,17
7617,18
7618,19
7619,20
7620,21
7621,22
7622,23
7623,24
7624,25
7625,26
7626,27
7627,9
7628,10
7629,11
7630,12
7631,13
7632,14
7633,15
7634,16
7635,17
7636,18
7637,19
7638,20
7639,37
7640,38
7641,39
7642,40
7643,41
7644,42
7645,43
7646,44
7647,45
7648,46
7649,47
7650,48
7651,17
7652,18
7653,19
7654,20
7655,21
7656,24
7657,25
7658,26
7659,27
7660,28
7661,29
7662,30
7663,31
7664,32
7665,33
7666,34
7667,35
7668,36
7669,37
7670,38
7671,39
7672,40
7673,41
7674,42
7675,43
7676,44
7677,45
7678,46
7679,47
7680,37
7681,38
7682,39
7683,40
7684,41
7685,42
7686,43
7687,44
7688,45
7689,46
7690,47
7691,48
7692,18
7693,19
7694,20
7695,21
7696,22
7697,23
7698,24
7699,25
7700,26
7701,27
7702,28
7703,29
7704,8
7705,9
7706,10
7707,11
7708,12
7709,13
7710,14
7711,15
7712,16
7713,17
7714,18
7715,19
7716,39
7717,40
7718,41
7719,42
7720,43
7721,44
7722,45
7723,46
7724,47
7725,48
7726,49
7727,50
7728,10
7729,11
7730,12
7731,13
7732,14
7733,15
7734,16
7735,17
7736,18
7737,19
7738,20
7739,21
7740,24
7741,25
7742,26
7743,27
7744,28
7745,29
7746,30
7747,31
7748,32
7749,33
7750,34
7751,35
7752,22
7753,23
7754,24
7755,25
7756,26
7757,27
7758,28
7759,29
7760,30
7761,31
7762,32
7763,33
7764,5
7765,6
7766,7
7767,8
7768,9
7769,10
7770,11
7771,12
7772,13
7773,14
7774,15
7775,16
7776,23
7777,24
7778,25
7779,26
7780,27
7781,28
7782,29
7783,30
7784,31
7785,32
7786,33
7787,34
7788,36
7789,37
7790,38
7791,39
7792,40
7793,41
7794,42
7795,43
7796,44
7797,45
7798,46
7799,47
7800,5
7801,6
7802,7
7803,7
7804,8
7805,6
7806,7
7807,8
7808,9
7809,10
7810,11
7811,12
7812,13
7813,14
7814,15
7815,16
7816,17
7817,26
7818,27
7819,28
7820,29
7821,30
7822,31
7823,32
7824,33
7825,34
7826,35
7827,36
7828,37
7829,10
7830,11
7831,12
7832,13
7833,14
7834,15
7835,16
7836,17
7837,18
7838,19
7839,20
7840,21
7841,24
7842,25
7843,26
7844,27
7845,28
7846,29
7847,30
7848,31
7849,32
7850,33
7851,34
7852,35
7853,34
7854,0
7855,0
7856,0
7857,0
7858,0
7859,0
7860,0
7861,0
7862,0
7863,0
7864,1
7865,2
7866,0
7867,0
7868,0
7869,0
7870,0
7871,0
7872,0
7873,1
7874,2
7875,3
7876,4
7877,5
7878,3
7879,4
7880,5
7881,6
7882,7
7883,8
7884,9
7885,10
7886,11
7887,12
7888,13
7889,14
7890,39
7891,40
7892,41
7893,42
7894,43
7895,44
7896,45
7897,46
7898,47
7899,48
7900,49
7901,50
7902,13
7903,14
7904,15
7905,16
7906,17
7907,18
7908,19
7909,20
7910,21
7911,22
7912,23
7913,24
7914,36
7915,37
7916,38
7917,39
7918,40
7919,41
7920,42
7921,43
7922,44
7923,45
7924,46
7925,47
7926,12
7927,13
7928,14
7929,15
7930,16
7931,17
7932,18
7933,19
7934,20
7935,21
7936,22
7937,23
7938,16
7939,17
7940,18
7941,19
7942,20
7943,21
7944,22
7945,23
7946,24
7947,25
7948,26
7949,27
7950,35
7951,36
7952,37
7953,38
7954,39
7955,40
7956,41
7957,42
7958,43
7959,44
7960,45
7961,46
7962,38
7963,39
7964,40
7965,41
7966,42
7967,43
7968,44
7969,45
7970,46
7971,47
7972,48
7973,49
7974,24
7975,25
7976,26
7977,27
7978,28
7979,29
7980,30
7981,31
7982,32
7983,33
7984,34
7985,35
7986,44
7987,45
7988,46
7989,47
7990,48
7991,49
7992,50
7993,51
7994,52
7995,53
7996,54
7997,55
7998,5
7999,6
8000,7
8001,8
8002,9
8003,10
8004,11
8005,12
8006,13
8007,14
8008,15
8009,16
8010,43
8011,44
8012,45
8013,46
8014,47
8015,48
8016,49
8017,23
8018,24
8019,25
8020,26
8021,27
8022,28
8023,29
8024,30
8025,31
8026,32
8027,33
8028,34
8029,3
8030,4
8031,5
8032,6
8033,7
8034,8
8035,9
8036,10
8037,11
8038,12
8039,13
8040,14
8041,41
8042,42
8043,43
8044,44
8045,45
8046,46
8047,47
8048,48
8049,49
8050,13
8051,14
8052,15
8053,16
8054,17
8055,18
8056,19
8057,20
8058,21
8059,22
8060,23
8061,24
8062,15
8063,16
8064,17
8065,18
8066,19
8067,20
8068,21
8069,22
8070,23
8071,24
8072,25
8073,26
8074,43
8075,44
8076,45
8077,46
8078,47
8079,48
8080,49
8081,50
8082,51
8083,52
8084,53
8085,54
8086,2
8087,3
8088,4
8089,5
8090,6
8091,7
8092,8
8093,9
8094,10
8095,11
8096,12
8097,13
8098,4
8099,5
8100,6
8101,7
8102,8
8103,9
8104,10
8105,11
8106,12
8107,13
8108,14
8109,15
8110,2
8111,3
8112,4
8113,5
8114,6
8115,7
8116,8
8117,9
8118,10
8119,11
8120,10
8121,11
8122,12
8123,13
8124,14
8125,15
8126,16
8127,17
8128,18
8129,19
8130,20
8131,21
8132,1
8133,2
8134,3
8135,4
8136,5
8137,6
8138,7
8139,8
8140,9
8141,10
8142,11
8143,25
8144,26
8145,27
8146,28
8147,29
8148,30
8149,31
8150,32
8151,33
8152,34
8153,35
8154,36
8155,1
8156,2
8157,3
8158,4
8159,5
8160,6
8161,7
8162,8
8163,9
8164,10
8165,11
8166,12
8167,2
8168,3
8169,4
8170,5
8171,6
8172,7
8173,8
8174,9
8175,10
8176,11
8177,12
8178,13
8179,7
8180,8
8181,9
8182,10
8183,11
8184,12
8185,13
8186,14
8187,15
8188,16
8189,17
8190,18
8191,24
8192,25
8193,26
8194,27
8195,28
8196,29
8197,30
8198,31
8199,32
8200,33
8201,34
8202,35
8203,2
8204,3
8205,4
8206,5
8207,6
8208,7
8209,8
8210,9
8211,10
8212,11
8213,12
8214,13
8215,23
8216,24
8217,25
8218,26
8219,27
8220,28
8221,29
8222,30
8223,31
8224,32
8225,33
8226,34
8227,3
8228,4
8229,5
8230,6
8231,7
8232,8
8233,9
8234,10
8235,11
8236,12
8237,13
8238,14
8239,1
8240,2
8241,3
8242,4
8243,5
8244,6
8245,7
8246,8
8247,9
8248,10
8249,11
8250,12
8251,12
8252,13
8253,14
8254,15
8255,16
8256,17
8257,18
8258,19
8259,20
8260,21
8261,22
8262,23
8263,23
8264,24
8265,25
8266,26
8267,27
8268,28
8269,29
8270,30
8271,31
8272,32
8273,33
8274,34
8275,38
8276,39
8277,40
8278,41
8279,42
8280,1
8281,2
8282,3
8283,4
8284,5
8285,6
8286,7
8287,8
8288,24
8289,25
8290,26
8291,27
8292,28
8293,29
8294,30
8295,31
8296,32
8297,33
8298,34
8299,35
8300,23
8301,24
8302,25
8303,26
8304,27
8305,28
8306,29
8307,30
8308,31
8309,32
8310,33
8311,34
8312,40
8313,41
8314,42
8315,43
8316,44
8317,45
8318,46
8319,47
8320,48
8321,49
8322,50
8323,51
8324,36
8325,37
8326,38
8327,39
8328,40
8329,41
8330,42
8331,43
8332,44
8333,45
8334,46
8335,47
8336,25
8337,26
8338,27
8339,28
8340,29
8341,30
8342,31
8343,32
8344,33
8345,34
8346,35
8347,36
8348,16
8349,17
8350,18
8351,19
8352,20
8353,21
8354,22
8355,23
8356,24
8357,25
8358,26
8359,27
8360,23
8361,24
8362,25
8363,26
8364,27
8365,28
8366,29
8367,30
8368,31
8369,32
8370,33
8371,34
8372,19
8373,20
8374,1
8375,2
8376,3
8377,4
8378,5
8379,24
8380,25
8381,26
8382,27
8383,28
8384,29
8385,30
8386,31
8387,32
8388,33
8389,34
8390,35
8391,37
8392,38
8393,39
8394,40
8395,41
8396,42
8397,43
8398,44
8399,45
8400,46
8401,47
8402,48
8403,43
8404,44
8405,45
8406,46
8407,47
8408,48
8409,49
8410,50
8411,51
8412,52
8413,53
8414,54
8415,2
8416,3
8417,4
8418,5
8419,6
8420,7
8421,8
8422,9
8423,10
8424,11
8425,12
8426,13
8427,5
8428,6
8429,7
8430,8
8431,9
8432,10
8433,11
8434,12
8435,13
8436,14
8437,15
8438,16
8439,38
8440,39
8441,40
8442,41
8443,42
8444,43
8445,44
8446,45
8447,46
8448,47
8449,48
8450,49
8451,0
8452,0
8453,0
8454,0
8455,0
8456,0
8457,0
8458,0
8459,1
8460,2
8461,3
8462,4
8463,25
8464,26
8465,27
8466,28
8467,29
8468,30
8469,31
8470,32
8471,33
8472,34
8473,35
8474,36
8475,17
8476,18
8477,19
8478,20
8479,21
8480,0
8481,1
8482,2
8483,3
8484,4
8485,5
8486,6
8487,7
8488,0
8489,0
8490,0
8491,0
8492,0
8493,1
8494,2
8495,3
8496,4
8497,5
8498,6
8499,7
8500,0
8501,0
8502,0
8503,0
8504,0
8505,1
8506,2
8507,3
8508,4
8509,5
8510,6
8511,7
8512,28
8513,29
8514,30
8515,31
8516,32
8517,33
8518,34
8519,35
8520,36
8521,37
8522,38
8523,39
8524,1
8525,2
8526,3
8527,4
8528,5
8529,6
8530,7
8531,8
8532,9
8533,10
8534,11
8535,12
8536,13
8537,14
8538,15
8539,16
8540,17
8541,18
8542,11
8543,12
8544,13
8545,14
8546,15
8547,16
8548,17
8549,18
8550,19
8551,20
8552,21
8553,22
8554,0
8555,0
8556,1
8557,2
8558,3
8559,4
8560,5
8561,6
8562,7
8563,8
8564,9
8565,10
8566,23
8567,24
8568,25
8569,26
8570,27
8571,28
8572,29
8573,30
8574,31
8575,32
8576,33
8577,34
8578,25
8579,26
8580,27
8581,28
8582,29
8583,30
8584,31
8585,32
8586,33
8587,34
8588,35
8589,36
8590,0
8591,0
8592,1
8593,2
8594,3
8595,4
8596,16
8597,17
8598,18
8599,19
8600,20
8601,21
8602,22
8603,23
8604,24
8605,25
8606,26
8607,27
8608,0
8609,0
8610,0
8611,0
8612,0
8613,0
8614,0
8615,0
8616,1
8617,2
8618,3
8619,4
8620,1
8621,2
8622,3
8623,4
8624,5
8625,6
8626,7
8627,8
8628,9
8629,10
8630,11
8631,12
8632,1
8633,2
8634,3
8635,4
8636,5
8637,6
8638,38
8639,39
8640,40
8641,41
8642,42
8643,43
8644,44
8645,45
8646,46
8647,47
8648,48
8649,49
8650,25
8651,26
8652,27
8653,28
8654,29
8655,30
8656,31
8657,32
8658,33
8659,34
8660,35
8661,36
8662,0
8663,0
8664,1
8665,2
8666,35
8667,36
8668,37
8669,38
8670,39
8671,40
8672,41
8673,42
8674,43
8675,44
8676,45
8677,46
8678,1
8679,2
8680,3
8681,4
8682,5
8683,6
8684,7
8685,8
8686,23
8687,24
8688,25
8689,26
8690,27
8691,23
8692,24
8693,25
8694,26
8695,0
8696,0
8697,0
8698,0
8699,0
8700,0
8701,1
8702,2
8703,3
8704,4
8705,5
8706,6
8707,24
8708,25
8709,26
8710,27
8711,28
8712,29
8713,30
8714,31
8715,32
8716,33
8717,34
8718,35
8719,24
8720,25
8721,26
8722,27
8723,28
8724,29
8725,30
8726,31
8727,32
8728,33
8729,34
8730,35
8731,13
8732,14
8733,15
8734,16
8735,17
8736,18
8737,19
8738,20
8739,21
8740,22
8741,23
8742,24
8743,16
8744,17
8745,18
8746,19
8747,20
8748,21
8749,22
8750,23
8751,24
8752,25
8753,26
8754,27
8755,5
8756,6
8757,7
8758,8
8759,9
8760,10
8761,11
8762,12
8763,13
8764,14
8765,15
8766,16
8767,1
8768,2
8769,3
8770,4
8771,5
8772,1
8773,2
8774,3
8775,4
8776,5
8777,1
8778,2
8779,3
8780,4
8781,5
8782,1
8783,2
8784,3
8785,4
8786,5
8787,36
8788,37
8789,38
8790,39
8791,40
8792,41
8793,42
8794,43
8795,44
8796,45
8797,46
8798,47
